gov,name,name_clean,position,date_start,date_end,ministry
Schallenberg,"Mag. Alexander Schallenberg, LL.M.",Alexander Schallenberg,Bundeskanzler,2021-10-11,2021-10-12,Bundeskanzleramt
Schallenberg,Mag. Werner Kogler,Werner Kogler,Vizekanzler,2021-10-11,2021-10-12,Bundeskanzleramt
Schallenberg,Mag. Karoline Edtstadler,Karoline Edtstadler,Bundesminister,2021-10-11,2021-10-12,Bundeskanzleramt
Schallenberg,MMag. Dr. Susanne Raab,Susanne Raab,Bundesminister,2021-10-11,2021-10-12,Bundeskanzleramt
Schallenberg,Mag. Werner Kogler,Werner Kogler,Bundesminister,2021-10-11,2021-10-12,"Bundesministerium für Kunst, Kultur, öffentlichen Dienst und Sport"
Schallenberg,Mag. Andrea Mayer,Andrea Mayer,Staatssekretärin,2021-10-11,2021-10-12,"Bundesministerium für Kunst, Kultur, öffentlichen Dienst und Sport"
Schallenberg,Dr. Michael Linhart,Michael Linhart,Bundesminister,2021-10-11,2021-10-12,Bundesministerium für europäische und internationale Angelegenheiten
Schallenberg,Mag. Dr. Martin Kocher,Martin Kocher,Bundesminister,2021-10-11,2021-10-12,Bundesministerium für Arbeit
Schallenberg,Dr. Heinz Faßmann,Heinz Faßmann,Bundesminister,2021-10-11,2021-10-12,"Bundesministerium für Bildung, Wissenschaft und Forschung"
Schallenberg,Dr. Margarete Schramböck,Margarete Schramböck,Bundesminister,2021-10-11,2021-10-12,Bundesministerium für Digitalisierung und Wirtschaftsstandort
Schallenberg,"Mag. Gernot Blümel, MBA",Gernot Blümel,Bundesminister,2021-10-11,2021-10-12,Bundesministerium für Finanzen
Schallenberg,"Karl Nehammer, MSc",Karl Nehammer,Bundesminister,2021-10-11,2021-10-12,Bundesministerium für Inneres
Schallenberg,"Dr. Alma Zadić, LL.M.",Alma Zadić,Bundesminister,2021-10-11,2021-10-12,Bundesministerium für Justiz
Schallenberg,"Leonore Gewessler, BA",Leonore Gewessler,Bundesminister,2021-10-11,2021-10-12,"Bundesministerium für Klimaschutz, Umwelt, Energie, Mobilität, Innovation und Technologie"
Schallenberg,"Dr. Magnus Brunner, LL.M.",Magnus Brunner,Staatssekretär,2021-10-11,2021-10-12,"Bundesministerium für Klimaschutz, Umwelt, Energie, Mobilität, Innovation und Technologie"
Schallenberg,Mag. Klaudia Tanner,Klaudia Tanner,Bundesminister,2021-10-11,2021-10-12,Bundesministerium für Landesverteidigung
Schallenberg,Elisabeth Köstinger,Elisabeth Köstinger,Bundesminister,2021-10-11,2021-10-12,"Bundesministerium für Landwirtschaft, Regionen und Tourismus"
Schallenberg,Dr. Wolfgang Mückstein,Wolfgang Mückstein,Bundesminister,2021-10-11,2021-10-12,"Bundesministerium für Soziales, Gesundheit, Pflege und Konsumentenschutz"
Kurz II,Sebastian Kurz,Sebastian Kurz,Bundeskanzler,2020-01-07,2021-10-11,Bundeskanzleramt
Kurz II,Mag. Werner Kogler,Werner Kogler,Vizekanzler,2020-01-07,2021-10-11,Bundeskanzleramt
Kurz II,Mag. (FH) Christine Aschbacher,Christine Aschbacher,Bundesministerin,2020-01-08,2020-01-29,Bundeskanzleramt
Kurz II,Mag. Karoline Edtstadler,Karoline Edtstadler,Bundesministerin,2020-01-08,2020-01-29,Bundeskanzleramt
Kurz II,MMag. Dr. Susanne Raab,Susanne Raab,Bundesministerin,2020-01-08,2020-01-29,Bundeskanzleramt
Kurz II,Mag. Karoline Edtstadler,Karoline Edtstadler,Bundesministerin für EU und Verfassung,2020-01-29,2021-10-11,Bundeskanzleramt
Kurz II,MMag. Dr. Susanne Raab,Susanne Raab,"Bundesministerin für Frauen, Familie, Jugend und Integration",2021-02-02,2021-10-11,Bundeskanzleramt
Kurz II,MMag. Dr. Susanne Raab,Susanne Raab,Bundesministerin für Frauen und Integration,2020-01-29,2021-02-01,Bundeskanzleramt
Kurz II,Mag. (FH) Christine Aschbacher,Christine Aschbacher,Bundesministerin ohne Portefeuille,2020-01-07,2020-01-08,Bundeskanzleramt
Kurz II,Mag. Karoline Edtstadler,Karoline Edtstadler,Bundesministerin ohne Portefeuille,2020-01-07,2020-01-08,Bundeskanzleramt
Kurz II,MMag. Dr. Susanne Raab,Susanne Raab,Bundesministerin ohne Portefeuille,2020-01-07,2020-01-08,Bundeskanzleramt
Kurz II,Mag. Karoline Edtstadler,Karoline Edtstadler,Betraut mit der Vertretung der Bundesministerin,2021-06-15,2021-09-07,"Büro der Bundesministerin für Frauen, Familie, Jugend und Integration"
Kurz II,Mag. Werner Kogler,Werner Kogler,Bundesminister,2020-01-29,2021-10-11,"Bundesministerium für Kunst, Kultur, öffentlichen Dienst und Sport"
Kurz II,Mag. Andrea Mayer,Andrea Mayer,Staatssekretärin,2020-05-20,2021-10-11,"Bundesministerium für Kunst, Kultur, öffentlichen Dienst und Sport"
Kurz II,Mag. Ulrike Lunacek,Ulrike Lunacek,Staatssekretärin,2020-01-29,2020-05-20,"Bundesministerium für Kunst, Kultur, öffentlichen Dienst und Sport"
Kurz II,"Mag. Alexander Schallenberg, LL.M.",Alexander Schallenberg,Bundesminister,2020-01-29,2021-10-11,Bundesministerium für europäische und internationale Angelegenheiten
Kurz II,Mag. Dr. Martin Kocher,Martin Kocher,Bundesminister,2021-02-01,2021-10-11,Bundesministerium für Arbeit
Kurz II,Dr. Heinz Faßmann,Heinz Faßmann,Bundesminister,2020-01-07,2021-10-11,"Bundesministerium für Bildung, Wissenschaft und Forschung"
Kurz II,Dr. Margarete Schramböck,Margarete Schramböck,Bundesministerin,2020-01-07,2021-10-11,Bundesministerium für Digitalisierung und Wirtschaftsstandort
Kurz II,"Mag. Gernot Blümel, MBA",Gernot Blümel,Bundesminister,2020-01-07,2021-10-11,Bundesministerium für Finanzen
Kurz II,"Karl Nehammer, MSc",Karl Nehammer,Bundesminister,2020-01-07,2021-10-11,Bundesministerium für Inneres
Kurz II,"Dr. Alma Zadić, LL.M.",Alma Zadić,Bundesministerin,2020-01-29,2021-10-11,Bundesministerium für Justiz
Kurz II,Mag. Werner Kogler,Werner Kogler,Betraut mit der Vertretung der Bundesministerin,2021-01-08,2021-03-14,Bundesministerium für Justiz
Kurz II,"Leonore Gewessler, BA",Leonore Gewessler,Bundesministerin,2020-01-29,2021-10-11,"Bundesministerium für Klimaschutz, Umwelt, Energie, Mobilität, Innovation und Technologie"
Kurz II,"Dr. Magnus Brunner, LL.M.",Magnus Brunner,Staatssekretär,2020-01-29,2021-10-11,"Bundesministerium für Klimaschutz, Umwelt, Energie, Mobilität, Innovation und Technologie"
Kurz II,Mag. Klaudia Tanner,Klaudia Tanner,Bundesministerin,2020-01-07,2021-10-11,Bundesministerium für Landesverteidigung
Kurz II,Elisabeth Köstinger,Elisabeth Köstinger,Bundesministerin,2020-01-29,2021-10-11,"Bundesministerium für Landwirtschaft, Regionen und Tourismus"
Kurz II,Dr. Wolfgang Mückstein,Wolfgang Mückstein,Bundesminister,2021-04-19,2021-10-11,"Bundesministerium für Soziales, Gesundheit, Pflege und Konsumentenschutz"
Kurz II,Rudolf Anschober,Rudolf Anschober,Bundesminister,2020-01-29,2021-04-19,"Bundesministerium für Soziales, Gesundheit, Pflege und Konsumentenschutz"
Kurz II,Mag. Werner Kogler,Werner Kogler,Bundesminister,2020-01-07,2020-01-29,Bundesministerium für öffentlichen Dienst und Sport
Kurz II,Mag. Ulrike Lunacek,Ulrike Lunacek,Staatssekretärin,2020-01-07,2020-01-29,Bundesministerium für öffentlichen Dienst und Sport
Kurz II,"Mag. Alexander Schallenberg, LL.M.",Alexander Schallenberg,"Bundesminister für Europa, Integration und Äußeres",2020-01-07,2020-01-28,"Bundesministerium für Europa, Integration und Äußeres"
Kurz II,Rudolf Anschober,Rudolf Anschober,Bundesminister,2020-01-07,2020-01-29,"Bundesministerium für Arbeit, Soziales, Gesundheit und Konsumentenschutz"
Kurz II,Elisabeth Köstinger,Elisabeth Köstinger,Bundesministerin,2020-01-07,2020-01-29,Bundesministerium für Nachhaltigkeit und Tourismus
Kurz II,"Dr. Alma Zadić, LL.M.",Alma Zadić,Bundesministerin,2020-01-07,2020-01-29,"Bundesministerium für Verfassung, Reformen, Deregulierung und Justiz"
Kurz II,"Leonore Gewessler, BA",Leonore Gewessler,Bundesministerin,2020-01-07,2020-01-29,"Bundesministerium für Verkehr, Innovation und Technologie"
Kurz II,"Dr. Magnus Brunner, LL.M.",Magnus Brunner,Staatssekretär,2020-01-07,2020-01-29,"Bundesministerium für Verkehr, Innovation und Technologie"
Bierlein,Dr. Brigitte Bierlein,Brigitte Bierlein,Bundeskanzlerin,2019-06-03,2020-01-07,Bundeskanzleramt
Bierlein,Dr. Dr. h.c. Clemens Jabloner,Clemens Jabloner,Vizekanzler,2019-06-03,2019-10-01,Bundeskanzleramt
Bierlein,"Mag. Alexander Schallenberg, LL.M.",Alexander Schallenberg,Bundesminister,2019-06-05,2020-01-07,Bundeskanzleramt
Bierlein,Dr. Ines Stilling,Ines Stilling,Bundesministerin,2019-06-05,2020-01-07,Bundeskanzleramt
Bierlein,"Mag. Alexander Schallenberg, LL.M.",Alexander Schallenberg,"Betraut mit der Leitung der zum Wirkungsbereich des Bundeskanzleramtes gehörenden Angelegenheiten für EU, Kunst, Kultur und Medien",2019-06-05,2020-01-07,Bundeskanzleramt
Bierlein,Dr. Ines Stilling,Ines Stilling,"Betraut mit der Leitung der zum Wirkungsbereich des Bundeskanzleramtes gehörenden Angelegenheiten für Frauen, Familien und Jugend",2019-06-05,2020-01-07,Bundeskanzleramt
Bierlein,Dr. Ines Stilling,Ines Stilling,Bundesministerin ohne Portefeuille,2019-06-03,2019-06-05,Bundeskanzleramt
Bierlein,"Dipl.-Kfm. Eduard Müller, MBA",Eduard Müller,Betraut mit der Leitung des Bundesministeriums,2019-06-03,2020-01-07,Bundesministerium für öffentlichen Dienst und Sport
Bierlein,"Mag. Alexander Schallenberg, LL.M.",Alexander Schallenberg,Bundesminister,2019-06-03,2020-01-07,"Bundesministerium für Europa, Integration und Äußeres"
Bierlein,Mag. Dr. Brigitte Zarfl,Brigitte Zarfl,Bundesministerin,2019-06-03,2020-01-07,"Bundesministerium für Arbeit, Soziales, Gesundheit und Konsumentenschutz"
Bierlein,Mag. Dr. Iris Rauskala,Iris Rauskala,Bundesministerin,2019-06-03,2020-01-07,"Bundesministerium für Bildung, Wissenschaft und Forschung"
Bierlein,Mag. Elisabeth Udolf-Strobl,Elisabeth Udolf-Strobl,Bundesministerin,2019-06-03,2020-01-07,Bundesministerium für Digitalisierung und Wirtschaftsstandort
Bierlein,"Dipl.-Kfm. Eduard Müller, MBA",Eduard Müller,Bundesminister,2019-06-03,2020-01-07,Bundesministerium für Finanzen
Bierlein,Dr. Wolfgang Peschorn,Wolfgang Peschorn,Bundesminister,2019-06-03,2020-01-07,Bundesministerium für Inneres
Bierlein,"Dipl.-Ing. Maria Patek, MBA",Maria Patek,Bundesministerin,2019-06-03,2020-01-07,Bundesministerium für Nachhaltigkeit und Tourismus
Bierlein,Dr. Dr. h.c. Clemens Jabloner,Clemens Jabloner,Bundesminister,2019-06-03,2020-01-07,"Bundesministerium für Verfassung, Reformen, Deregulierung und Justiz"
Bierlein,Mag. Thomas Starlinger,Thomas Starlinger,Bundesminister,2019-06-03,2020-01-07,Bundesministerium für Landesverteidigung
Bierlein,Mag. Andreas Reichhardt,Andreas Reichhardt,Bundesminister,2019-06-03,2020-01-07,"Bundesministerium für Verkehr, Innovation und Technologie"
Einstweilige Bundesregierung Löger,Hartwig Löger,Hartwig Löger,Betraut mit dem Vorsitz in der einstweiligen Bundesregierung und der Fortführung der Verwaltung,2019-05-28,2019-06-03,Bundeskanzleramt
Einstweilige Bundesregierung Löger,"Mag. Gernot Blümel, MBA",Gernot Blümel,"Betraut mit der Fortführung der Verwaltung Bundesministerium für EU, Kunst, Kultur und Medien",2019-05-28,2019-06-03,Bundeskanzleramt
Einstweilige Bundesregierung Löger,Mag. Dr. Juliane Bogner-Strauß,Juliane Bogner-Strauß,"Betraut mit der Fortführung der Verwaltung im Bundesministerium für Frauen, Familien und Jugend",2019-05-28,2019-06-03,Bundeskanzleramt
Einstweilige Bundesregierung Löger,Mag. Dr. Juliane Bogner-Strauß,Juliane Bogner-Strauß,Betraut mit der Fortführung der Verwaltung,2019-05-28,2019-06-03,Bundesministerium für öffentlichen Dienst und Sport
Einstweilige Bundesregierung Löger,Dr. Karin Kneissl,Karin Kneissl,Betraut mit der Fortführung der Verwaltung,2019-05-28,2019-06-03,"Bundesministerium für Europa, Integration und Äußeres"
Einstweilige Bundesregierung Löger,Dr. Walter Pöltner,Walter Pöltner,Betraut mit der Fortführung der Verwaltung,2019-05-28,2019-06-03,"Bundesministerium für Arbeit, Soziales, Gesundheit und Konsumentenschutz"
Einstweilige Bundesregierung Löger,Dr. Heinz Faßmann,Heinz Faßmann,Betraut mit der Fortführung der Verwaltung,2019-05-28,2019-06-03,"Bundesministerium für Bildung, Wissenschaft und Forschung"
Einstweilige Bundesregierung Löger,Dr. Margarete Schramböck,Margarete Schramböck,Betraut mit der Fortführung der Verwaltung,2019-05-28,2019-06-03,Bundesministerium für Digitalisierung und Wirtschaftsstandort
Einstweilige Bundesregierung Löger,Hartwig Löger,Hartwig Löger,Betraut mit der Fortführung der Verwaltung,2019-05-28,2019-06-03,Bundesministerium für Finanzen
Einstweilige Bundesregierung Löger,Dr. Eckart Ratz,Eckart Ratz,Betraut mit der Fortführung der Verwaltung,2019-05-28,2019-06-03,Bundesministerium für Inneres
Einstweilige Bundesregierung Löger,Elisabeth Köstinger,Elisabeth Köstinger,Betraut mit der Fortführung der Verwaltung,2019-05-28,2019-06-03,Bundesministerium für Nachhaltigkeit und Tourismus
Einstweilige Bundesregierung Löger,Dr. Josef Moser,Josef Moser,Betraut mit der Fortführung der Verwaltung,2019-05-28,2019-06-03,"Bundesministerium für Verfassung, Reformen, Deregulierung und Justiz"
Einstweilige Bundesregierung Löger,Mag. Johann Luif,Johann Luif,Betraut mit der Fortführung der Verwaltung,2019-05-28,2019-06-03,Bundesministerium für Landesverteidigung
Einstweilige Bundesregierung Löger,Dr. Valerie Hackl,Valerie Hackl,Betraut mit der Fortführung der Verwaltung,2019-05-28,2019-06-03,"Bundesministerium für Verkehr, Innovation und Technologie"
Kurz I,Sebastian Kurz,Sebastian Kurz,Bundeskanzler,2017-12-18,2019-05-28,Bundeskanzleramt
Kurz I,Hartwig Löger,Hartwig Löger,Vizekanzler,2019-05-22,2019-05-28,Bundeskanzleramt
Kurz I,Heinz-Christian Strache,Heinz-Christian Strache,Vizekanzler,2017-12-18,2019-05-22,Bundeskanzleramt
Kurz I,"Mag. Gernot Blümel, MBA",Gernot Blümel,"Bundesminister für EU, Kunst, Kultur und Medien",2018-01-08,2019-05-28,Bundeskanzleramt
Kurz I,Mag. Dr. Juliane Bogner-Strauß,Juliane Bogner-Strauß,"Bundesministerin für Frauen, Familien und Jugend",2018-01-08,2019-05-28,Bundeskanzleramt
Kurz I,"Mag. Gernot Blümel, MBA",Gernot Blümel,Bundesminister ohne Portefeuille,2017-12-18,2018-01-08,Bundeskanzleramt
Kurz I,Mag. Dr. Juliane Bogner-Strauß,Juliane Bogner-Strauß,Betraut mit der Leitung des Bundesministeriums,2019-05-22,2019-05-28,Bundesministerium für öffentlichen Dienst und Sport
Kurz I,Heinz-Christian Strache,Heinz-Christian Strache,Bundesminister,2018-01-08,2019-05-22,Bundesministerium für öffentlichen Dienst und Sport
Kurz I,Dr. Karin Kneissl,Karin Kneissl,Bundesministerin,2017-12-18,2019-05-28,"Bundesministerium für Europa, Integration und Äußeres"
Kurz I,Dr. Walter Pöltner,Walter Pöltner,Bundesminister,2019-05-22,2019-05-28,"Bundesministerium für Arbeit, Soziales, Gesundheit und Konsumentenschutz"
Kurz I,Mag. Beate Hartinger-Klein,Beate Hartinger-Klein,Bundesministerin,2018-01-08,2019-05-22,"Bundesministerium für Arbeit, Soziales, Gesundheit und Konsumentenschutz"
Kurz I,Dr. Heinz Faßmann,Heinz Faßmann,Bundesminister,2018-01-08,2019-05-28,"Bundesministerium für Bildung, Wissenschaft und Forschung"
Kurz I,Dr. Margarete Schramböck,Margarete Schramböck,Bundesministerin,2018-01-08,2019-05-28,Bundesministerium für Digitalisierung und Wirtschaftsstandort
Kurz I,Hartwig Löger,Hartwig Löger,Bundesminister,2017-12-18,2019-05-28,Bundesministerium für Finanzen
Kurz I,MMag. DDr. Hubert Fuchs,Hubert Fuchs,Staatssekretär,2017-12-18,2019-05-22,Bundesministerium für Finanzen
Kurz I,Dr. Eckart Ratz,Eckart Ratz,Bundesminister,2019-05-22,2019-05-28,Bundesministerium für Inneres
Kurz I,Herbert Kickl,Herbert Kickl,Bundesminister,2017-12-18,2019-05-22,Bundesministerium für Inneres
Kurz I,Mag. Karoline Edtstadler,Karoline Edtstadler,Staatssekretärin,2017-12-18,2019-05-28,Bundesministerium für Inneres
Kurz I,Elisabeth Köstinger,Elisabeth Köstinger,Bundesministerin,2018-01-08,2019-05-28,Bundesministerium für Nachhaltigkeit und Tourismus
Kurz I,Mag. Dr. Juliane Bogner-Strauß,Juliane Bogner-Strauß,Betraut mit der Vertretung der Bundesministerin,2018-07-09,2018-08-26,Bundesministerium für Nachhaltigkeit und Tourismus
Kurz I,Dr. Josef Moser,Josef Moser,Bundesminister,2018-01-08,2019-05-28,"Bundesministerium für Verfassung, Reformen, Deregulierung und Justiz"
Kurz I,Mag. Johann Luif,Johann Luif,Bundesminister,2019-05-22,2019-05-28,Bundesministerium für Landesverteidigung
Kurz I,Mario Kunasek,Mario Kunasek,Bundesminister,2018-01-08,2019-05-22,Bundesministerium für Landesverteidigung
Kurz I,Dr. Valerie Hackl,Valerie Hackl,Bundesministerin,2019-05-22,2019-05-28,"Bundesministerium für Verkehr, Innovation und Technologie"
Kurz I,Ing. Norbert Hofer,Norbert Hofer,Bundesminister,2017-12-18,2019-05-22,"Bundesministerium für Verkehr, Innovation und Technologie"
Kurz I,Mag. Beate Hartinger-Klein,Beate Hartinger-Klein,Bundesministerin,2017-12-18,2018-01-08,"Bundesministerium für Arbeit, Soziales und Konsumentenschutz"
Kurz I,Dr. Heinz Faßmann,Heinz Faßmann,Bundesminister,2017-12-18,2018-01-08,Bundesministerium für Bildung
Kurz I,Mag. Dr. Juliane Bogner-Strauß,Juliane Bogner-Strauß,Bundesministerin,2017-12-18,2018-01-08,Bundesministerium für Familien und Jugend
Kurz I,Mag. Beate Hartinger-Klein,Beate Hartinger-Klein,Bundesministerin,2017-12-18,2018-01-08,Bundesministerium für Gesundheit und Frauen
Kurz I,Dr. Josef Moser,Josef Moser,Bundesminister,2017-12-18,2018-01-08,Bundesministerium für Justiz
Kurz I,Mario Kunasek,Mario Kunasek,Bundesminister,2017-12-18,2018-01-08,Bundesministerium für Landesverteidigung und Sport
Kurz I,Elisabeth Köstinger,Elisabeth Köstinger,Bundesministerin,2017-12-18,2018-01-08,"Bundesministerium für Land- und Forstwirtschaft, Umwelt und Wasserwirtschaft"
Kurz I,Dr. Margarete Schramböck,Margarete Schramböck,Bundesministerin,2017-12-18,2018-01-08,"Bundesministerium für Wissenschaft, Forschung und Wirtschaft"
Kern,Sebastian Kurz,Sebastian Kurz,Bundesminister,2016-05-17,2017-12-18,"Bundesministerium für Europa, Integration und Äußeres"
Faymann II,Werner Faymann,Werner Faymann,Bundeskanzler,2013-12-16,2016-05-09,Bundeskanzleramt
Faymann II,Sebastian Kurz,Sebastian Kurz,Bundesminister,2014-03-01,2016-05-17,"Bundesministerium für Europa, Integration und Äußeres"
Faymann II,Doris Bures,Doris Bures,Bundesministerin,2013-12-16,2014-09-01,"Bundesministerium für Verkehr, Innovation und Technologie"
Faymann II,Sebastian Kurz,Sebastian Kurz,Bundesminister,2013-12-16,2014-02-28,Bundesministerium für europäische und internationale Angelegenheiten
Faymann I,Werner Faymann,Werner Faymann,Bundeskanzler,2008-12-02,2013-12-16,Bundeskanzleramt
Faymann I,Sebastian Kurz,Sebastian Kurz,Staatssekretär,2011-04-21,2013-12-16,Bundesministerium für Inneres
Faymann I,Doris Bures,Doris Bures,Bundesministerin,2008-12-02,2013-12-16,"Bundesministerium für Verkehr, Innovation und Technologie"
Gusenbauer,Doris Bures,Doris Bures,"Bundesministerin für Frauen, Medien und öffentlichen Dienst",2007-03-01,2008-07-01,Bundeskanzleramt
Gusenbauer,Doris Bures,Doris Bures,Bundesministerin ohne Portefeuille,2007-01-11,2007-02-28,Bundeskanzleramt
Gusenbauer,Werner Faymann,Werner Faymann,Bundesminister,2007-01-11,2008-12-02,"Bundesministerium für Verkehr, Innovation und Technologie"
Vranitzky V,Dipl.-Kfm. Dr. Franz Vranitzky,Franz Vranitzky,Bundeskanzler,1996-03-12,1997-01-28,Bundeskanzleramt
Vranitzky IV,Dipl.-Kfm. Dr. Franz Vranitzky,Franz Vranitzky,Bundeskanzler,1994-11-29,1996-03-12,Bundeskanzleramt
Vranitzky III,Dipl.-Kfm. Dr. Franz Vranitzky,Franz Vranitzky,Bundeskanzler,1990-12-17,1994-11-29,Bundeskanzleramt
Vranitzky II,Dipl.-Kfm. Dr. Franz Vranitzky,Franz Vranitzky,Bundeskanzler,1987-01-21,1990-12-17,Bundeskanzleramt
Vranitzky I,Dipl.-Kfm. Dr. Franz Vranitzky,Franz Vranitzky,Bundeskanzler,1986-06-16,1987-01-21,Bundeskanzleramt
Sinowatz,Dipl.-Kfm. Dr. Franz Vranitzky,Franz Vranitzky,Bundesminister,1984-09-10,1986-06-16,Bundesministerium für Finanzen
Raab I,Ing. DDDr. Julius Raab,Julius Raab,Bundeskanzler,1953-04-02,1956-06-29,Bundeskanzleramt
Raab I,Dr. Adolf Schärf,Adolf Schärf,Vizekanzler,1953-04-02,1956-06-29,Bundeskanzleramt
Raab I,Dipl.-Ing. DDDr. h.c. Leopold Figl,Leopold Figl,Bundesminister für die auswärtigen Angelegenheiten,1953-11-26,1956-06-29,Bundeskanzleramt
Raab I,Dipl.-Ing. Dr. Karl Gruber,Karl Gruber,Bundesminister für die auswärtigen Angelegenheiten,1953-04-02,1953-11-26,Bundeskanzleramt
Raab I,Dr. Bruno Kreisky,Bruno Kreisky,Staatssekretär für die auswärtigen Angelegenheiten,1953-04-02,1956-06-29,Bundeskanzleramt
Raab I,Dipl.-Ing. Karl Waldbrunner,Karl Waldbrunner,Bundesminister,1953-04-02,1956-06-29,Bundesministerium für Verkehr und verstaatlichte Betriebe
Raab I,Oskar Helmer,Oskar Helmer,Bundesminister,1953-04-02,1956-06-28,Bundesministerium für Inneres
Raab I,Ferdinand Graf,Ferdinand Graf,Staatssekretär,1953-04-02,1956-06-28,Bundesministerium für Inneres
Raab I,Dr. Hans Kapfer,Hans Kapfer,Bundesminister,1955-01-17,1956-06-28,Bundesministerium für Justiz
Raab I,Dr. Josef Gerö,Josef Gerö,Bundesminister,1953-04-02,1954-12-28,Bundesministerium für Justiz
Raab I,Dr. Heinrich Drimmel,Heinrich Drimmel,Bundesminister,1954-11-01,1956-06-28,Bundesministerium für Unterricht
Raab I,Dr. Ernst Kolb,Ernst Kolb,Bundesminister,1953-04-02,1954-10-31,Bundesministerium für Unterricht
Raab I,Anton Proksch,Anton Proksch,Bundesminister,1956-01-23,1956-06-28,Bundesministerium für soziale Verwaltung
Raab I,Karl Maisel,Karl Maisel,Bundesminister,1953-04-02,1956-01-23,Bundesministerium für soziale Verwaltung
Raab I,Dr. Dr. h.c. Reinhard Kamitz,Reinhard Kamitz,Bundesminister,1953-04-02,1956-06-28,Bundesministerium für Finanzen
Raab I,Dr. Fritz Bock,Fritz Bock,Staatssekretär,1955-07-07,1956-06-28,Bundesministerium für Finanzen
Raab I,Franz Thoma,Franz Thoma,Bundesminister,1953-04-02,1956-06-28,Bundesministerium für Land- und Forstwirtschaft
Raab I,DDDr. Udo Illig,Udo Illig,Bundesminister,1953-04-28,1956-06-28,Bundesministerium für Handel und Wiederaufbau
Raab I,Ing. DDDr. Julius Raab,Julius Raab,Betraut mit der einstweiligen Führung der Geschäfte des Bundesministeriums,1953-04-21,1953-04-28,Bundesministerium für Handel und Wiederaufbau
Raab I,Josef Böck-Greissau,Josef Böck-Greissau,Bundesminister,1953-04-02,1953-04-21,Bundesministerium für Handel und Wiederaufbau
Raab I,Dr. Rudolf Fischer,Rudolf Fischer,Staatssekretär,1954-08-02,1956-06-28,Bundesministerium für Handel und Wiederaufbau
Raab I,Dr. Fritz Bock,Fritz Bock,Staatssekretär,1953-04-02,1955-07-07,Bundesministerium für Handel und Wiederaufbau
Raab I,Dipl.-Ing. Raimund Gehart,Raimund Gehart,Staatssekretär,1953-04-02,1954-07-31,Bundesministerium für Handel und Wiederaufbau
Figl III,Dipl.-Ing. DDDr. h.c. Leopold Figl,Leopold Figl,Bundeskanzler,1952-10-28,1953-04-02,Bundeskanzleramt
Figl III,Dr. Adolf Schärf,Adolf Schärf,Vizekanzler,1952-10-28,1953-04-02,Bundeskanzleramt
Figl III,Dipl.-Ing. Dr. Karl Gruber,Karl Gruber,Bundesminister für die auswärtigen Angelegenheiten,1952-10-28,1953-04-02,Bundeskanzleramt
Figl III,Oskar Helmer,Oskar Helmer,Bundesminister,1952-10-28,1953-04-02,Bundesministerium für Inneres
Figl III,Ferdinand Graf,Ferdinand Graf,Staatssekretär,1952-10-28,1953-04-02,Bundesministerium für Inneres
Figl III,Andreas Korp,Andreas Korp,Staatssekretär,1952-10-28,1953-04-02,Bundesministerium für Inneres
Figl III,Dr. Josef Gerö,Josef Gerö,Bundesminister,1952-10-28,1953-04-02,Bundesministerium für Justiz
Figl III,Dr. Ernst Kolb,Ernst Kolb,Bundesminister,1952-10-28,1953-04-02,Bundesministerium für Unterricht
Figl III,Karl Maisel,Karl Maisel,Bundesminister,1952-10-28,1953-04-02,Bundesministerium für soziale Verwaltung
Figl III,Dr. Dr. h.c. Reinhard Kamitz,Reinhard Kamitz,Bundesminister,1952-10-28,1953-04-02,Bundesministerium für Finanzen
Figl III,Franz Thoma,Franz Thoma,Bundesminister,1952-10-28,1953-04-02,Bundesministerium für Land- und Forstwirtschaft
Figl III,Josef Böck-Greissau,Josef Böck-Greissau,Bundesminister,1952-10-28,1953-04-02,Bundesministerium für Handel und Wiederaufbau
Figl III,Dr. Fritz Bock,Fritz Bock,Staatssekretär,1952-10-28,1953-04-02,Bundesministerium für Handel und Wiederaufbau
Figl III,Dipl.-Ing. Karl Waldbrunner,Karl Waldbrunner,Bundesminister,1952-10-28,1953-04-02,Bundesministerium für Verkehr und verstaatlichte Betriebe
Figl III,Vinzenz Übeleis,Vinzenz Übeleis,Staatssekretär,1952-10-28,1953-04-02,Bundesministerium für Verkehr und verstaatlichte Betriebe
Figl II,Dipl.-Ing. DDDr. h.c. Leopold Figl,Leopold Figl,Bundeskanzler,1949-11-08,1952-10-28,Bundeskanzleramt
Figl II,Dr. Adolf Schärf,Adolf Schärf,Vizekanzler,1949-11-08,1952-10-28,Bundeskanzleramt
Figl II,Dipl.-Ing. Dr. Karl Gruber,Karl Gruber,Bundesminister für die auswärtigen Angelegenheiten,1949-11-08,1952-10-28,Bundeskanzleramt
Figl II,Oskar Helmer,Oskar Helmer,Bundesminister,1949-11-08,1952-10-28,Bundesministerium für Inneres
Figl II,Ferdinand Graf,Ferdinand Graf,Staatssekretär,1949-11-08,1952-10-28,Bundesministerium für Inneres
Figl II,Andreas Korp,Andreas Korp,Staatssekretär,1952-01-23,1952-10-28,Bundesministerium für Inneres
Figl II,Dr. Josef Gerö,Josef Gerö,Bundesminister,1952-09-16,1952-10-28,Bundesministerium für Justiz
Figl II,Dr. Otto Tschadek,Otto Tschadek,Bundesminister,1949-11-08,1952-09-16,Bundesministerium für Justiz
Figl II,Dr. Ernst Kolb,Ernst Kolb,Bundesminister,1952-01-23,1952-10-28,Bundesministerium für Unterricht
Figl II,Dr. Felix Hurdes,Felix Hurdes,Bundesminister,1949-11-08,1952-01-23,Bundesministerium für Unterricht
Figl II,Karl Maisel,Karl Maisel,Bundesminister,1949-11-08,1952-10-28,Bundesministerium für soziale Verwaltung
Figl II,Dr. Dr. h.c. Reinhard Kamitz,Reinhard Kamitz,Bundesminister,1952-01-23,1952-10-28,Bundesministerium für Finanzen
Figl II,Dr. Eugen Margaretha,Eugen Margaretha,Bundesminister,1949-11-08,1952-01-23,Bundesministerium für Finanzen
Figl II,Franz Thoma,Franz Thoma,Bundesminister,1952-01-23,1952-10-28,Bundesministerium für Land- und Forstwirtschaft
Figl II,Josef Kraus,Josef Kraus,Bundesminister,1949-11-08,1952-01-23,Bundesministerium für Land- und Forstwirtschaft
Figl II,Josef Böck-Greissau,Josef Böck-Greissau,Bundesminister,1952-01-23,1952-10-28,Bundesministerium für Handel und Wiederaufbau
Figl II,Dr. Ernst Kolb,Ernst Kolb,Bundesminister,1949-11-08,1952-01-23,Bundesministerium für Handel und Wiederaufbau
Figl II,Dr. Fritz Bock,Fritz Bock,Staatssekretär,1952-01-23,1952-10-28,Bundesministerium für Handel und Wiederaufbau
Figl II,Dipl.-Ing. Karl Waldbrunner,Karl Waldbrunner,Bundesminister,1949-11-08,1952-10-28,Bundesministerium für Verkehr und verstaatlichte Betriebe
Figl II,Vinzenz Übeleis,Vinzenz Übeleis,Staatssekretär,1949-11-08,1952-10-28,Bundesministerium für Verkehr und verstaatlichte Betriebe
Figl I,Dipl.-Ing. DDDr. h.c. Leopold Figl,Leopold Figl,Bundeskanzler,1945-12-20,1949-11-08,Bundeskanzleramt
Figl I,Dr. Adolf Schärf,Adolf Schärf,Vizekanzler,1945-12-20,1949-11-08,Bundeskanzleramt
Figl I,Dipl.-Ing. Dr. Karl Gruber,Karl Gruber,Bundesminister für die auswärtigen Angelegenheiten,1945-12-20,1949-11-08,Bundeskanzleramt
Figl I,Erwin Altenburger,Erwin Altenburger,Bundesminister ohne Portefeuille,1947-01-11,1949-11-08,Bundeskanzleramt
Figl I,Lois Weinberger,Lois Weinberger,Bundesminister ohne Portefeuille,1945-12-20,1947-01-11,Bundeskanzleramt
Figl I,Oskar Helmer,Oskar Helmer,Bundesminister,1945-12-20,1949-11-08,Bundesministerium für Inneres
Figl I,Ferdinand Graf,Ferdinand Graf,Staatssekretär,1945-12-20,1949-11-08,Bundesministerium für Inneres
Figl I,Dr. Josef Gerö,Josef Gerö,Bundesminister,1945-12-20,1949-11-08,Bundesministerium für Justiz
Figl I,Dr. Felix Hurdes,Felix Hurdes,Bundesminister,1945-12-20,1949-11-08,Bundesministerium für Unterricht
Figl I,Karl Maisel,Karl Maisel,Bundesminister,1945-12-20,1949-11-08,Bundesministerium für soziale Verwaltung
Figl I,Dr. Georg Zimmermann,Georg Zimmermann,Bundesminister,1945-12-20,1949-11-08,Bundesministerium für Finanzen
Figl I,Josef Kraus,Josef Kraus,Bundesminister,1945-12-20,1949-11-08,Bundesministerium für Land- und Forstwirtschaft
Figl I,Dr. Ernst Kolb,Ernst Kolb,Bundesminister,1948-02-18,1949-11-08,Bundesministerium für Handel und Wiederaufbau
Figl I,Dr. h.c. Eduard Heinl,Eduard Heinl,Bundesminister,1946-05-31,1948-02-18,Bundesministerium für Handel und Wiederaufbau
Figl I,Dr. Peter Krauland,Peter Krauland,Betraut mit der vorläufigen Fortführung der Geschäfte des Bundesministeriums,1946-05-10,1946-05-31,Bundesministerium für Handel und Wiederaufbau
Figl I,Dr. Eugen Fleischacker,Eugen Fleischacker,Bundesminister,1945-12-20,1946-05-10,Bundesministerium für Handel und Wiederaufbau
Figl I,Otto Sagmeister,Otto Sagmeister,Bundesminister,1947-01-11,1949-11-08,Bundesministerium für Volksernährung
Figl I,Ing. Mag. Dr. Hans Frenzel,Hans Frenzel,Bundesminister,1945-12-20,1947-01-11,Bundesministerium für Volksernährung
Figl I,Dr. Peter Krauland,Peter Krauland,Bundesminister,1945-12-20,1949-11-08,Bundesministerium für Vermögenssicherung und Wirtschaftsplanung
Figl I,Karl Mantler,Karl Mantler,Staatssekretär,1947-01-11,1949-11-08,Bundesministerium für Vermögenssicherung und Wirtschaftsplanung
Figl I,Franz Rauscher,Franz Rauscher,Staatssekretär,1946-03-28,1947-01-11,Bundesministerium für Vermögenssicherung und Wirtschaftsplanung
Figl I,Dipl.-Ing. Karl Waldbrunner,Karl Waldbrunner,Staatssekretär,1945-12-20,1946-03-28,Bundesministerium für Vermögenssicherung und Wirtschaftsplanung
Figl I,Vinzenz Übeleis,Vinzenz Übeleis,Bundesminister,1945-12-20,1949-11-08,Bundesministerium für Verkehr
Figl I,Dr. Alfred Migsch,Alfred Migsch,Bundesminister,1947-11-24,1949-11-08,Bundesministerium für Energiewirtschaft und Elektrifizierung
Figl I,Dr. h.c. Eduard Heinl,Eduard Heinl,Betraut mit der Fortführung der Geschäfte des Bundesministeriums,1947-11-20,1947-11-24,Bundesministerium für Energiewirtschaft und Elektrifizierung
Figl I,Dr. Karl Altmann,Karl Altmann,Bundesminister,1945-12-20,1947-11-20,Bundesministerium für Energiewirtschaft und Elektrifizierung
Renner IV,Dr. Karl Renner,Karl Renner,Staatskanzler,1945-04-27,1945-12-20,Staatskanzlei
Renner IV,Dipl.-Ing. DDDr. h.c. Leopold Figl,Leopold Figl,Staatssekretär ohne Portefeuille,1945-04-27,1945-12-20,Staatskanzlei
Renner IV,Johann Koplenig,Johann Koplenig,Staatssekretär ohne Portefeuille,1945-04-27,1945-12-20,Staatskanzlei
Renner IV,Dr. Adolf Schärf,Adolf Schärf,Staatssekretär ohne Portefeuille,1945-04-27,1945-12-20,Staatskanzlei
Renner IV,Franz Winterer,Franz Winterer,Unterstaatssekretär für Heerwesen,1945-04-27,1945-12-20,Staatskanzlei
Renner IV,Dr. Heinrich Herglotz,Heinrich Herglotz,Unterstaatssekretär,1945-05-04,1945-12-20,Staatskanzlei
Renner IV,Dipl.-Ing. Dr. Karl Gruber,Karl Gruber,Unterstaatssekretär für Äußeres,1945-09-26,1945-12-20,Staatskanzlei
Renner IV,Franz Honner,Franz Honner,Staatssekretär,1945-04-27,1945-12-20,Staatsamt für Inneres
Renner IV,Raoul Bumballa,Raoul Bumballa,Unterstaatssekretär,1945-04-27,1945-12-20,Staatsamt für Inneres
Renner IV,Oskar Helmer,Oskar Helmer,Unterstaatssekretär,1945-04-27,1945-12-20,Staatsamt für Inneres
Renner IV,Dr. Josef Sommer,Josef Sommer,Unterstaatssekretär,1945-09-26,1945-12-20,Staatsamt für Inneres
Renner IV,Ernst Fischer,Ernst Fischer,Staatssekretär,1945-04-27,1945-12-20,"Staatsamt für Volksaufklärung, Unterricht und Erziehung und Kultusangelegenheiten"
Renner IV,Josef Enslein,Josef Enslein,Unterstaatssekretär,1945-04-27,1945-12-20,"Staatsamt für Volksaufklärung, Unterricht und Erziehung und Kultusangelegenheiten"
Renner IV,DDr. Ernst Hefel,Ernst Hefel,Unterstaatssekretär für Kultus,1945-04-27,1945-12-20,"Staatsamt für Volksaufklärung, Unterricht und Erziehung und Kultusangelegenheiten"
Renner IV,Dr. Karl Lugmayer,Karl Lugmayer,Unterstaatssekretär,1945-04-27,1945-12-20,"Staatsamt für Volksaufklärung, Unterricht und Erziehung und Kultusangelegenheiten"
Renner IV,Dr. Josef Gerö,Josef Gerö,Staatssekretär,1945-04-27,1945-12-20,Staatsamt für Justiz
Renner IV,Dr. Karl Altmann,Karl Altmann,Unterstaatssekretär,1945-04-27,1945-12-20,Staatsamt für Justiz
Renner IV,Dr. Ferdinand Nagl,Ferdinand Nagl,Unterstaatssekretär,1945-04-27,1945-12-20,Staatsamt für Justiz
Renner IV,Dr. Max Scheffenegger,Max Scheffenegger,Unterstaatssekretär,1945-04-27,1945-12-20,Staatsamt für Justiz
Renner IV,Dr. Georg Zimmermann,Georg Zimmermann,Staatssekretär,1945-04-27,1945-12-20,Staatsamt für Finanzen
Renner IV,Dr. Hans Rizzi,Hans Rizzi,Unterstaatssekretär,1945-05-04,1945-07-25,Staatsamt für Finanzen
Renner IV,Josef Kraus,Josef Kraus,Staatssekretär,1945-09-26,1945-12-20,Staatsamt für Land- und Forstwirtschaft
Renner IV,Rudolf Buchinger,Rudolf Buchinger,Staatssekretär,1945-04-27,1945-09-26,Staatsamt für Land- und Forstwirtschaft
Renner IV,Laurenz Genner,Laurenz Genner,Unterstaatssekretär,1945-04-27,1945-12-20,Staatsamt für Land- und Forstwirtschaft
Renner IV,Alois Mentasti,Alois Mentasti,Unterstaatssekretär,1945-04-27,1945-12-20,Staatsamt für Land- und Forstwirtschaft
Renner IV,Dr. h.c. Eduard Heinl,Eduard Heinl,Staatssekretär,1945-04-27,1945-12-20,"Staatsamt für Industrie, Gewerbe, Handel und Verkehr"
Renner IV,Dipl.-Ing. Karl Waldbrunner,Karl Waldbrunner,Unterstaatssekretär,1945-04-27,1945-12-20,"Staatsamt für Industrie, Gewerbe, Handel und Verkehr"
Renner IV,Hermann Lichtenegger,Hermann Lichtenegger,Unterstaatssekretär,1945-05-04,1945-12-20,"Staatsamt für Industrie, Gewerbe, Handel und Verkehr"
Renner IV,Andreas Korp,Andreas Korp,Staatssekretär,1945-04-27,1945-12-20,Staatsamt für Volksernährung
Renner IV,Helene Postranecky,Helene Postranecky,Unterstaatssekretärin,1945-04-27,1945-12-20,Staatsamt für Volksernährung
Renner IV,Ing. Ernst Winsauer,Ernst Winsauer,Unterstaatssekretär,1945-09-26,1945-12-20,Staatsamt für Volksernährung
Renner IV,Josef Kraus,Josef Kraus,Unterstaatssekretär,1945-04-27,1945-09-26,Staatsamt für Volksernährung
Renner IV,Johann Böhm,Johann Böhm,Staatssekretär,1945-04-27,1945-12-20,Staatsamt für soziale Verwaltung
Renner IV,Dr. Franz David,Franz David,Unterstaatssekretär,1945-04-27,1945-12-20,Staatsamt für soziale Verwaltung
Renner IV,Lois Weinberger,Lois Weinberger,Unterstaatssekretär,1945-04-27,1945-12-20,Staatsamt für soziale Verwaltung
Renner IV,Ing. DDDr. Julius Raab,Julius Raab,Staatssekretär,1945-04-27,1945-12-20,"Staatsamt für öffentliche Bauten, Übergangswirtschaft und Wiederaufbau"
Renner IV,Heinrich Schneidmadl,Heinrich Schneidmadl,Unterstaatssekretär,1945-04-27,1945-12-20,"Staatsamt für öffentliche Bauten, Übergangswirtschaft und Wiederaufbau"
Renner IV,Ing. Otto Mödlagl,Otto Mödlagl,Unterstaatssekretär,1945-05-04,1945-12-20,"Staatsamt für öffentliche Bauten, Übergangswirtschaft und Wiederaufbau"
Renner IV,Ing. Vinzenz Schumy,Vinzenz Schumy,Staatssekretär,1945-09-26,1945-12-20,"Staatsamt für Sicherung, Verwaltung, Planung und Verwendung öffentlichen Vermögens"
Renner IV,Dr. Alfred Neumann,Alfred Neumann,Unterstaatssekretär,1945-09-26,1945-12-20,"Staatsamt für Sicherung, Verwaltung, Planung und Verwendung öffentlichen Vermögens"
Renner IV,Franz Rauscher,Franz Rauscher,Unterstaatssekretär,1945-09-26,1945-12-20,"Staatsamt für Sicherung, Verwaltung, Planung und Verwendung öffentlichen Vermögens"
Schuschnigg IV,Dr. Kurt Schuschnigg,Kurt Schuschnigg,Bundeskanzler,1938-02-16,1938-03-11,Bundeskanzleramt
Schuschnigg IV,Ludwig Hülgerth,Ludwig Hülgerth,Vizekanzler,1938-02-16,1938-03-11,Bundeskanzleramt
Schuschnigg IV,Dr. Guido Schmidt,Guido Schmidt,Bundesminister für die Auswärtigen Angelegenheiten,1938-02-16,1938-03-11,Bundeskanzleramt
Schuschnigg IV,Dr. h.c. Edmund Glaise-Horstenau,Edmund Glaise-Horstenau,Bundesminister,1938-02-16,1938-03-11,Bundeskanzleramt
Schuschnigg IV,Hans Rott,Hans Rott,Bundesminister,1938-02-16,1938-03-11,Bundeskanzleramt
Schuschnigg IV,Dr. Arthur Seyss-Inquart,Arthur Seyss-Inquart,Bundesminister mit der sachlichen Leitung der Angelegenheiten der inneren Verwaltung und des Sicherheitswesens betraut,1938-02-16,1938-03-11,Bundeskanzleramt
Schuschnigg IV,Guido Zernatto,Guido Zernatto,Bundesminister,1938-02-16,1938-03-11,Bundeskanzleramt
Schuschnigg IV,Dr. Michael Skubl,Michael Skubl,Staatssekretär für Sicherheitswesen,1938-02-16,1938-03-11,Bundeskanzleramt
Schuschnigg IV,Dr. Ludwig Adamovich,Ludwig Adamovich,Bundesminister,1938-02-16,1938-03-11,Bundesministerium für Justiz
Schuschnigg IV,Dr. Hans Pernter,Hans Pernter,Bundesminister,1938-02-16,1938-03-11,Bundesministerium für Unterricht
Schuschnigg IV,Dr. Josef Resch,Josef Resch,Bundesminister,1938-02-16,1938-03-11,Bundesministerium für soziale Verwaltung
Schuschnigg IV,Adolf Watzek,Adolf Watzek,Staatssekretär für die Angelegenheiten des gesetzlichen Schutzes der Arbeiter und Angestellten,1938-02-16,1938-03-11,Bundesministerium für soziale Verwaltung
Schuschnigg IV,Dr. Rudolf Neumayer,Rudolf Neumayer,Bundesminister,1938-02-16,1938-03-11,Bundesministerium für Finanzen
Schuschnigg IV,Peter Mandorfer,Peter Mandorfer,Bundesminister,1938-02-16,1938-03-11,Bundesministerium für Land- und Forstwirtschaft
Schuschnigg IV,Ing. Franz Matschnig,Franz Matschnig,Staatssekretär für die Angelegenheiten der Forstwirtschaft,1938-02-16,1938-03-11,Bundesministerium für Land- und Forstwirtschaft
Schuschnigg IV,Ing. DDDr. Julius Raab,Julius Raab,Bundesminister,1938-02-16,1938-03-11,Bundesministerium für Handel und Verkehr
Schuschnigg IV,Ludwig Stepski-Doliwa,Ludwig Stepski-Doliwa,Staatssekretär für die Angelegenheiten der Industrie,1938-02-16,1938-03-11,Bundesministerium für Handel und Verkehr
Schuschnigg IV,Dr. Kurt Schuschnigg,Kurt Schuschnigg,Betraut mit der Leitung des Bundesministeriums,1938-02-16,1938-03-11,Bundesministerium für Landesverteidigung
Schuschnigg IV,Wilhelm Zehner,Wilhelm Zehner,Staatssekretär,1938-02-16,1938-03-11,Bundesministerium für Landesverteidigung
Schuschnigg III,Dr. Kurt Schuschnigg,Kurt Schuschnigg,Bundeskanzler,1936-11-03,1938-02-16,Bundeskanzleramt
Schuschnigg III,Ludwig Hülgerth,Ludwig Hülgerth,Vizekanzler,1936-11-03,1938-02-16,Bundeskanzleramt
Schuschnigg III,Dr. h.c. Edmund Glaise-Horstenau,Edmund Glaise-Horstenau,Bundesminister mit der sachlichen Leitung der Angelegenheiten der inneren Verwaltung betraut,1936-11-06,1938-02-16,Bundeskanzleramt
Schuschnigg III,Odo Neustädter-Stürmer,Odo Neustädter-Stürmer,Bundesminister mit der sachlichen Leitung der Angelegenheiten des Sicherheitswesens und der Vorbereitung der Gesetzgebung über die berufsständische Neuordnung betraut,1936-11-06,1937-03-20,Bundeskanzleramt
Schuschnigg III,Dr. Guido Schmidt,Guido Schmidt,Staatssekretär für die Auswärtigen Angelegenheiten,1936-11-03,1938-02-16,Bundeskanzleramt
Schuschnigg III,Guido Zernatto,Guido Zernatto,Staatssekretär für Angelegenheiten des Bundeskanzleramts,1936-11-03,1938-02-16,Bundeskanzleramt
Schuschnigg III,Dr. Michael Skubl,Michael Skubl,Staatssekretär für Angelegenheiten der Sicherheit,1937-03-20,1938-02-16,Bundeskanzleramt
Schuschnigg III,Dr. Adolf Pilz,Adolf Pilz,Bundesminister,1936-11-03,1938-02-16,Bundesministerium für Justiz
Schuschnigg III,Dr. Hans Pernter,Hans Pernter,Bundesminister,1936-11-03,1938-02-16,Bundesministerium für Unterricht
Schuschnigg III,Dr. Josef Resch,Josef Resch,Bundesminister,1936-11-03,1938-02-16,Bundesministerium für soziale Verwaltung
Schuschnigg III,Hans Rott,Hans Rott,Staatssekretär für die Angelegenheiten des gesetzlichen Schutzes der Arbeiter und Angestellten,1936-11-03,1938-02-16,Bundesministerium für soziale Verwaltung
Schuschnigg III,Dr. Rudolf Neumayer,Rudolf Neumayer,Bundesminister,1936-11-03,1938-02-16,Bundesministerium für Finanzen
Schuschnigg III,Peter Mandorfer,Peter Mandorfer,Bundesminister,1936-11-03,1938-02-16,Bundesministerium für Land- und Forstwirtschaft
Schuschnigg III,Dr. Wilhelm Taucher,Wilhelm Taucher,Bundesminister,1936-11-03,1938-02-16,Bundesministerium für Handel und Verkehr
Schuschnigg III,Dr. Kurt Schuschnigg,Kurt Schuschnigg,Betraut mit der Leitung des Bundesministeriums,1936-11-03,1938-02-16,Bundesministerium für Landesverteidigung
Schuschnigg III,Wilhelm Zehner,Wilhelm Zehner,Staatssekretär,1936-11-03,1938-02-16,Bundesministerium für Landesverteidigung
Schuschnigg II,Dr. Kurt Schuschnigg,Kurt Schuschnigg,Bundeskanzler,1936-05-14,1936-11-03,Bundeskanzleramt
Schuschnigg II,Eduard Baar-Baarenfels,Eduard Baar-Baarenfels,Vizekanzler,1936-05-14,1936-11-03,Bundeskanzleramt
Schuschnigg II,Dr. h.c. Edmund Glaise-Horstenau,Edmund Glaise-Horstenau,Bundesminister,1936-07-11,1936-11-03,Bundeskanzleramt
Schuschnigg II,Eduard Baar-Baarenfels,Eduard Baar-Baarenfels,Betraut mit der sachlichen Leitung der Angelegenheiten der inneren Verwaltung einschließlich des Sicherheitswesens,1936-05-15,1936-11-03,Bundeskanzleramt
Schuschnigg II,Guido Zernatto,Guido Zernatto,Staatssekretär für Angelegenheiten des Bundeskanzleramts,1936-05-14,1936-11-03,Bundeskanzleramt
Schuschnigg II,Dr. Guido Schmidt,Guido Schmidt,Staatssekretär für die Auswärtigen Angelegenheiten,1936-07-11,1936-11-03,Bundeskanzleramt
Schuschnigg II,Hans Hammerstein-Equord,Hans Hammerstein-Equord,Bundesminister,1936-05-14,1936-11-03,Bundesministerium für Justiz
Schuschnigg II,Dr. Hans Pernter,Hans Pernter,Bundesminister,1936-05-14,1936-11-03,Bundesministerium für Unterricht
Schuschnigg II,Dr. Kurt Schuschnigg,Kurt Schuschnigg,Betraut mit der Leitung des Bundesministeriums,1936-10-10,1936-10-10,Bundesministerium für Unterricht
Schuschnigg II,Dr. Josef Resch,Josef Resch,Bundesminister,1936-05-14,1936-11-03,Bundesministerium für soziale Verwaltung
Schuschnigg II,Dr. Ludwig Draxler,Ludwig Draxler,Bundesminister,1936-05-14,1936-11-03,Bundesministerium für Finanzen
Schuschnigg II,Dr. Kurt Schuschnigg,Kurt Schuschnigg,Betraut mit der Leitung des Bundesministeriums,1936-10-10,1936-10-10,Bundesministerium für Finanzen
Schuschnigg II,Peter Mandorfer,Peter Mandorfer,Bundesminister,1936-05-15,1936-11-03,Bundesministerium für Land- und Forstwirtschaft
Schuschnigg II,Dr. Kurt Schuschnigg,Kurt Schuschnigg,Betraut mit der Leitung des Bundesministeriums,1936-05-14,1936-05-15,Bundesministerium für Land- und Forstwirtschaft
Schuschnigg II,Friedrich Stockinger,Friedrich Stockinger,Bundesminister,1936-05-14,1936-11-03,Bundesministerium für Handel und Verkehr
Schuschnigg II,Dr. Kurt Schuschnigg,Kurt Schuschnigg,Betraut mit der Leitung des Bundesministeriums,1936-05-14,1936-11-03,Bundesministerium für Landesverteidigung
Schuschnigg II,Wilhelm Zehner,Wilhelm Zehner,Staatssekretär,1936-05-14,1936-11-03,Bundesministerium für Landesverteidigung
Dollfuß II - Schuschnigg I,Dr. Kurt Schuschnigg,Kurt Schuschnigg,Bundeskanzler,1934-07-29,1936-05-14,Bundeskanzleramt
Dollfuß II - Schuschnigg I,Dr. Engelbert Dollfuß,Engelbert Dollfuß,Bundeskanzler,1933-09-21,1934-07-25,Bundeskanzleramt
Dollfuß II - Schuschnigg I,Ernst Rüdiger Starhemberg,Ernst Rüdiger Starhemberg,Vizekanzler,1934-05-01,1936-05-14,Bundeskanzleramt
Dollfuß II - Schuschnigg I,Ernst Rüdiger Starhemberg,Ernst Rüdiger Starhemberg,Betraut mit der sachlichen Leitung der Angelegenheiten der körperlichen Ertüchtigung,1935-10-29,1936-05-14,Bundeskanzleramt
Dollfuß II - Schuschnigg I,Ernst Rüdiger Starhemberg,Ernst Rüdiger Starhemberg,Betraut mit der sachlichen Leitung der Angelegenheiten der körperlichen Ertüchtigung,1934-05-17,1935-10-17,Bundeskanzleramt
Dollfuß II - Schuschnigg I,Ernst Rüdiger Starhemberg,Ernst Rüdiger Starhemberg,Betraut mit der sachlichen Leitung der Angelegenheiten des Sicherheitswesens,1934-07-30,1935-10-17,Bundeskanzleramt
Dollfuß II - Schuschnigg I,Emil Fey,Emil Fey,Vizekanzler,1933-09-21,1934-05-01,Bundeskanzleramt
Dollfuß II - Schuschnigg I,Dr. Robert Kerber,Robert Kerber,Bundesminister,1933-09-21,1934-07-10,Bundeskanzleramt
Dollfuß II - Schuschnigg I,Egon Berger-Waldenegg,Egon Berger-Waldenegg,Bundesminister für die auswärtigen Angelegenheiten,1935-10-29,1936-05-14,Bundeskanzleramt
Dollfuß II - Schuschnigg I,Egon Berger-Waldenegg,Egon Berger-Waldenegg,Bundesminister für die auswärtigen Angelegenheiten,1934-08-03,1935-10-17,Bundeskanzleramt
Dollfuß II - Schuschnigg I,Dr. Robert Kerber,Robert Kerber,Bundesminister mit der sachlichen Leitung der Angelegenheiten der inneren Verwaltung betraut,1933-09-23,1936-05-14,Bundeskanzleramt
Dollfuß II - Schuschnigg I,Dr. Robert Kerber,Robert Kerber,Bundesminister mit der sachlichen Leitung der Angelegenheiten der administrativen Angelegenheiten der Bundesanstalt für Statistik betraut,1934-05-01,1936-05-14,Bundeskanzleramt
Dollfuß II - Schuschnigg I,Egon Berger-Waldenegg,Egon Berger-Waldenegg,Bundesminister,1934-07-29,1936-05-14,Bundeskanzleramt
Dollfuß II - Schuschnigg I,Emil Fey,Emil Fey,Bundesminister mit der sachlichen Leitung der Angelegenheiten der inneren Verwaltung betraut,1934-07-30,1936-05-14,Bundeskanzleramt
Dollfuß II - Schuschnigg I,Emil Fey,Emil Fey,Bundesminister mit der sachlichen Leitung der Angelegenheiten der Bekämpfung staatsgefährlicher Bestrebungen in der Privatwirtschaft betraut,1935-09-28,1936-05-14,Bundeskanzleramt
Dollfuß II - Schuschnigg I,Eduard Baar-Baarenfels,Eduard Baar-Baarenfels,Bundesminister mit der sachlichen Leitung der Angelegenheiten des Sicherheitswesens und der inneren Verwaltung betraut,1935-10-29,1936-05-14,Bundeskanzleramt
Dollfuß II - Schuschnigg I,Dr. Karl Buresch,Karl Buresch,Bundesminister,1935-10-17,1936-01-30,Bundeskanzleramt
Dollfuß II - Schuschnigg I,Emil Fey,Emil Fey,Bundesminister,1934-05-01,1935-10-17,Bundeskanzleramt
Dollfuß II - Schuschnigg I,Odo Neustädter-Stürmer,Odo Neustädter-Stürmer,Bundesminister mit der sachlichen Leitung der die Gesetzgebung über die berufsständische Neuordnung vorbereitenden Tätigkeit der Bundesministerien betraut,1934-09-10,1935-10-17,Bundeskanzleramt
Dollfuß II - Schuschnigg I,Dr. Otto Ender,Otto Ender,Bundesminister mit der sachlichen Leitung der Angelegenheiten der Verfassungs- und Verwaltungsreform betraut,1933-09-23,1934-07-10,Bundeskanzleramt
Dollfuß II - Schuschnigg I,Richard Schmitz,Richard Schmitz,Bundesminister,1934-02-16,1934-07-10,Bundeskanzleramt
Dollfuß II - Schuschnigg I,Emil Fey,Emil Fey,Bundesminister mit der sachlichen Leitung der Angelegenheiten des Sicherheitswesens und der zum Wirkungsbereich der Abt 4 gehörenden Angelegenheiten betraut,1934-05-01,1934-07-10,Bundeskanzleramt
Dollfuß II - Schuschnigg I,Hans Hammerstein-Equord,Hans Hammerstein-Equord,Staatssekretär für die Angelegenheiten des Sicherheitswesens,1934-07-29,1935-10-17,Bundeskanzleramt
Dollfuß II - Schuschnigg I,Ing. Stephan Tauschitz,Stephan Tauschitz,Staatssekretär für die auswärtigen Angelegenheiten,1934-07-10,1934-08-03,Bundeskanzleramt
Dollfuß II - Schuschnigg I,Carl Karwinsky,Carl Karwinsky,Staatssekretär für die Angelegenheiten des Bundeskanzleramts mit Ausnahme der auswärtigen Angelegenheiten,1934-07-10,1934-07-29,Bundeskanzleramt
Dollfuß II - Schuschnigg I,Carl Karwinsky,Carl Karwinsky,Staatssekretär für die vom Bundeskanzler geführten Angelegenheiten des Bundeskanzleramts,1934-05-01,1934-07-10,Bundeskanzleramt
Dollfuß II - Schuschnigg I,Carl Karwinsky,Carl Karwinsky,Staatssekretär für die Angelegenheiten des Sicherheitswesens,1933-09-21,1934-05-01,Bundeskanzleramt
Dollfuß II - Schuschnigg I,Dr. Robert Winterstein,Robert Winterstein,Bundesminister,1935-10-17,1936-05-14,Bundesministerium für Justiz
Dollfuß II - Schuschnigg I,Egon Berger-Waldenegg,Egon Berger-Waldenegg,Bundesminister mit der Fortführung der Geschäfte des Bundesministeriums betraut,1934-07-29,1935-10-17,Bundesministerium für Justiz
Dollfuß II - Schuschnigg I,Egon Berger-Waldenegg,Egon Berger-Waldenegg,Bundesminister,1934-07-10,1934-07-29,Bundesministerium für Justiz
Dollfuß II - Schuschnigg I,Dr. Kurt Schuschnigg,Kurt Schuschnigg,Bundesminister mit der Leitung betraut,1933-09-21,1934-07-10,Bundesministerium für Justiz
Dollfuß II - Schuschnigg I,Carl Karwinsky,Carl Karwinsky,Staatssekretär,1934-07-29,1935-10-17,Bundesministerium für Justiz
Dollfuß II - Schuschnigg I,Dr. Franz Glas,Franz Glas,Staatssekretär,1933-09-21,1934-07-10,Bundesministerium für Justiz
Dollfuß II - Schuschnigg I,Dr. Kurt Schuschnigg,Kurt Schuschnigg,Betraut mit der Leitung des Bundesministeriums,1934-07-29,1936-05-14,Bundesministerium für Unterricht
Dollfuß II - Schuschnigg I,Dr. Kurt Schuschnigg,Kurt Schuschnigg,Bundesminister,1933-09-21,1934-07-29,Bundesministerium für Unterricht
Dollfuß II - Schuschnigg I,Dr. Hans Pernter,Hans Pernter,Staatssekretär,1934-07-29,1936-05-14,Bundesministerium für Unterricht
Dollfuß II - Schuschnigg I,Dr. Josef Dobretsberger,Josef Dobretsberger,Bundesminister,1935-10-17,1936-05-14,Bundesministerium für soziale Verwaltung
Dollfuß II - Schuschnigg I,Odo Neustädter-Stürmer,Odo Neustädter-Stürmer,Bundesminister,1934-02-16,1935-10-17,Bundesministerium für soziale Verwaltung
Dollfuß II - Schuschnigg I,Richard Schmitz,Richard Schmitz,Bundesminister,1933-09-21,1934-02-16,Bundesministerium für soziale Verwaltung
Dollfuß II - Schuschnigg I,Theodor Znidaric,Theodor Znidaric,Staatssekretär für die Angelegenheiten des gesetzlichen Schutzes der Arbeiter und Angestellten,1935-10-17,1936-05-14,Bundesministerium für soziale Verwaltung
Dollfuß II - Schuschnigg I,Hans Großauer,Hans Großauer,Staatssekretär für die Angelegenheiten des gesetzlichen Schutzes der Arbeiter und Angestellten,1934-08-13,1935-10-17,Bundesministerium für soziale Verwaltung
Dollfuß II - Schuschnigg I,Odo Neustädter-Stürmer,Odo Neustädter-Stürmer,Staatssekretär für die Angelegenheiten des Arbeitsdienstes,1933-09-21,1934-02-16,Bundesministerium für soziale Verwaltung
Dollfuß II - Schuschnigg I,Dr. Ludwig Draxler,Ludwig Draxler,Bundesminister,1935-10-17,1936-05-14,Bundesministerium für Finanzen
Dollfuß II - Schuschnigg I,Dr. Karl Buresch,Karl Buresch,Bundesminister,1933-09-21,1935-10-17,Bundesministerium für Finanzen
Dollfuß II - Schuschnigg I,Dr.-Ing. Ludwig Strobl,Ludwig Strobl,Bundesminister,1935-10-17,1936-05-14,Bundesministerium für Land- und Forstwirtschaft
Dollfuß II - Schuschnigg I,Josef Reither,Josef Reither,Bundesminister,1934-07-29,1935-10-17,Bundesministerium für Land- und Forstwirtschaft
Dollfuß II - Schuschnigg I,Ernst Rüdiger Starhemberg,Ernst Rüdiger Starhemberg,Betraut mit der Leitung des Bundesministeriums,1934-07-26,1934-07-29,Bundesministerium für Land- und Forstwirtschaft
Dollfuß II - Schuschnigg I,Dr. Engelbert Dollfuß,Engelbert Dollfuß,Betraut mit der Leitung des Bundesministeriums,1933-09-21,1934-07-25,Bundesministerium für Land- und Forstwirtschaft
Dollfuß II - Schuschnigg I,August Kraft,August Kraft,Staatssekretär für die Angelegenheiten der Bergbauernhilfe,1935-10-17,1936-02-08,Bundesministerium für Land- und Forstwirtschaft
Dollfuß II - Schuschnigg I,Ulrich Ilg,Ulrich Ilg,Staatssekretär,1934-07-13,1934-08-03,Bundesministerium für Land- und Forstwirtschaft
Dollfuß II - Schuschnigg I,Bartholomäus Hasenauer,Bartholomäus Hasenauer,Staatssekretär,1934-03-12,1934-07-10,Bundesministerium für Land- und Forstwirtschaft
Dollfuß II - Schuschnigg I,Dr. Heinrich Gleißner,Heinrich Gleißner,Staatssekretär,1933-09-21,1934-03-12,Bundesministerium für Land- und Forstwirtschaft
Dollfuß II - Schuschnigg I,Friedrich Stockinger,Friedrich Stockinger,Bundesminister,1933-09-21,1936-05-14,Bundesministerium für Handel und Verkehr
Dollfuß II - Schuschnigg I,Odo Neustädter-Stürmer,Odo Neustädter-Stürmer,Staatssekretär für die Angelegenheiten der Arbeitsbeschaffung und des Fremdenverkehrs sowie die Angelegenheiten des Straßenbaues,1933-09-21,1934-02-16,Bundesministerium für Handel und Verkehr
Dollfuß II - Schuschnigg I,Dr. Kurt Schuschnigg,Kurt Schuschnigg,Betraut mit der Leitung des Bundesministeriums,1934-07-29,1936-05-14,Bundesministerium für Heereswesen
Dollfuß II - Schuschnigg I,Ernst Rüdiger Starhemberg,Ernst Rüdiger Starhemberg,Betraut mit der Leitung des Bundesministeriums,1934-07-26,1934-07-29,Bundesministerium für Heereswesen
Dollfuß II - Schuschnigg I,Dr. Engelbert Dollfuß,Engelbert Dollfuß,Betraut mit der Leitung des Bundesministeriums,1934-07-10,1934-07-25,Bundesministerium für Heereswesen
Dollfuß II - Schuschnigg I,Alois Schönburg-Hartenstein,Alois Schönburg-Hartenstein,Bundesminister,1934-03-12,1934-07-10,Bundesministerium für Heereswesen
Dollfuß II - Schuschnigg I,Dr. Engelbert Dollfuß,Engelbert Dollfuß,Betraut mit der Leitung des Bundesministeriums,1933-09-21,1934-03-12,Bundesministerium für Heereswesen
Dollfuß II - Schuschnigg I,Wilhelm Zehner,Wilhelm Zehner,Staatssekretär,1934-07-10,1936-05-14,Bundesministerium für Heereswesen
Dollfuß II - Schuschnigg I,Alois Schönburg-Hartenstein,Alois Schönburg-Hartenstein,Staatssekretär,1933-09-21,1934-03-12,Bundesministerium für Heereswesen
Dollfuß I,Dr. Engelbert Dollfuß,Engelbert Dollfuß,Bundeskanzler,1932-05-20,1933-09-21,Bundeskanzleramt
Dollfuß I,Ing. Franz Winkler,Franz Winkler,Vizekanzler,1932-05-20,1933-09-21,Bundeskanzleramt
Dollfuß I,Ing. Franz Winkler,Franz Winkler,Betraut mit der sachlichen Leitung der wirtschaftspolitischen Angelegenheiten,1932-05-20,1933-05-10,Bundeskanzleramt
Dollfuß I,Emil Fey,Emil Fey,Bundesminister mit der sachlichen Leitung der Angelegenheiten der öffentlichen Sicherheit betraut,1933-05-10,1933-09-21,Bundeskanzleramt
Dollfuß I,Ing. Vinzenz Schumy,Vinzenz Schumy,Bundesminister mit der sachlichen Leitung der Angelegenheiten der inneren Verwaltung und der wirtschaftspolitischen Angelegenheiten betraut,1933-05-10,1933-09-21,Bundeskanzleramt
Dollfuß I,Franz Bachinger,Franz Bachinger,Bundesminister mit der sachlichen Leitung der Angelegenheiten der inneren Verwaltung betraut,1932-05-20,1933-05-10,Bundeskanzleramt
Dollfuß I,Dr. Hermann Ach,Hermann Ach,Bundesminister mit der sachlichen Leitung der Angelegenheiten der öffentlichen Sicherheit betraut,1932-05-20,1932-09-28,Bundeskanzleramt
Dollfuß I,Emil Fey,Emil Fey,Staatssekretär für die Angelegenheiten des Sicherheitswesens,1932-10-17,1933-05-10,Bundeskanzleramt
Dollfuß I,Dr. Kurt Schuschnigg,Kurt Schuschnigg,Bundesminister,1932-05-20,1933-09-21,Bundesministerium für Justiz
Dollfuß I,Dr. Kurt Schuschnigg,Kurt Schuschnigg,Bundesminister mit der vorläufigen Fortführung der Geschäfte betraut,1933-05-24,1933-09-21,Bundesministerium für Unterricht
Dollfuß I,Dr. Anton Rintelen,Anton Rintelen,Bundesminister,1932-05-20,1933-05-24,Bundesministerium für Unterricht
Dollfuß I,Dr. Robert Kerber,Robert Kerber,Bundesminister,1933-03-11,1933-09-21,Bundesministerium für soziale Verwaltung
Dollfuß I,Dr. Josef Resch,Josef Resch,Bundesminister,1932-05-20,1933-03-11,Bundesministerium für soziale Verwaltung
Dollfuß I,Odo Neustädter-Stürmer,Odo Neustädter-Stürmer,Staatssekretär für die Angelegenheiten des Arbeitsdienstes,1933-05-10,1933-09-21,Bundesministerium für soziale Verwaltung
Dollfuß I,Dr. Karl Buresch,Karl Buresch,Bundesminister,1933-05-10,1933-09-21,Bundesministerium für Finanzen
Dollfuß I,Dr. Emanuel Weidenhoffer,Emanuel Weidenhoffer,Bundesminister,1932-05-20,1933-05-10,Bundesministerium für Finanzen
Dollfuß I,Dr. Engelbert Dollfuß,Engelbert Dollfuß,Betraut mit der Leitung des Bundesministeriums,1932-05-20,1933-09-21,Bundesministerium für Land- und Forstwirtschaft
Dollfuß I,Franz Bachinger,Franz Bachinger,Staatssekretär für die Angelegenheiten des Forstwesens und der Holzbewirtschaftung,1933-05-10,1933-09-21,Bundesministerium für Land- und Forstwirtschaft
Dollfuß I,Friedrich Stockinger,Friedrich Stockinger,Bundesminister,1933-05-10,1933-09-21,Bundesministerium für Handel und Verkehr
Dollfuß I,Dr. Guido Jakoncig,Guido Jakoncig,Bundesminister,1932-05-20,1933-05-10,Bundesministerium für Handel und Verkehr
Dollfuß I,Odo Neustädter-Stürmer,Odo Neustädter-Stürmer,Staatssekretär für die Angelegenheiten der Arbeitsbeschaffung und des Fremdenverkehrs sowie die Angelegenheiten des Straßenbaues,1933-05-10,1933-09-21,Bundesministerium für Handel und Verkehr
Dollfuß I,Franz Bachinger,Franz Bachinger,"Staatssekretär für die Angelegenheiten der Holzbewirtschaftung, soweit sie in den Wirkungsbereich des Bundesministers fallen",1933-05-10,1933-09-21,Bundesministerium für Handel und Verkehr
Dollfuß I,Carl Vaugoin,Carl Vaugoin,Bundesminister,1932-05-20,1933-09-21,Bundesministerium für Heereswesen
Buresch II,Dr. Karl Buresch,Karl Buresch,Bundeskanzler,1932-01-29,1932-05-20,Bundeskanzleramt
Buresch II,Ing. Franz Winkler,Franz Winkler,Vizekanzler,1932-01-29,1932-05-20,Bundeskanzleramt
Buresch II,Ing. Franz Winkler,Franz Winkler,Betraut mit der sachlichen Leitung der Angelegenheiten der inneren Verwaltung,1932-01-29,1932-05-20,Bundeskanzleramt
Buresch II,Franz Bachinger,Franz Bachinger,Bundesminister mit der sachlichen Leitung der Angelegenheiten der öffentlichen Sicherheit betraut,1932-02-04,1932-05-20,Bundeskanzleramt
Buresch II,Dr. Kurt Schuschnigg,Kurt Schuschnigg,Bundesminister,1932-01-29,1932-05-20,Bundesministerium für Justiz
Buresch II,Dr. Emmerich Czermak,Emmerich Czermak,Bundesminister,1932-01-29,1932-05-20,Bundesministerium für Unterricht
Buresch II,Dr. Josef Resch,Josef Resch,Bundesminister,1932-01-29,1932-05-20,Bundesministerium für soziale Verwaltung
Buresch II,Dr. Emanuel Weidenhoffer,Emanuel Weidenhoffer,Bundesminister,1932-01-29,1932-05-20,Bundesministerium für Finanzen
Buresch II,Dr. Engelbert Dollfuß,Engelbert Dollfuß,Bundesminister,1932-01-29,1932-05-20,Bundesministerium für Land- und Forstwirtschaft
Buresch II,Dr. h.c. Eduard Heinl,Eduard Heinl,Bundesminister,1932-01-29,1932-05-20,Bundesministerium für Handel und Verkehr
Buresch II,Carl Vaugoin,Carl Vaugoin,Bundesminister,1932-01-29,1932-05-20,Bundesministerium für Heereswesen
Buresch I,Dr. Karl Buresch,Karl Buresch,Bundeskanzler,1931-06-20,1932-01-29,Bundeskanzleramt
Buresch I,abs. iur. DDDr. h.c Johannes Schober,c Johannes Schober,Vizekanzler,1931-06-20,1932-01-29,Bundeskanzleramt
Buresch I,abs. iur. DDDr. h.c Johannes Schober,c Johannes Schober,Betraut mit der sachlichen Leitung der auswärtigen Angelegenheiten,1931-06-20,1932-01-29,Bundeskanzleramt
Buresch I,Ing. Franz Winkler,Franz Winkler,Bundesministert mit der sachlichen Leitung der inneren Angelegenheiten betraut,1931-06-20,1932-01-29,Bundeskanzleramt
Buresch I,Dr. Hans Schürff,Hans Schürff,Bundesminister,1931-06-20,1932-01-29,Bundesministerium für Justiz
Buresch I,Dr. Emmerich Czermak,Emmerich Czermak,Bundesminister,1931-06-20,1932-01-29,Bundesministerium für Unterricht
Buresch I,Dr. Josef Resch,Josef Resch,Bundesminister,1931-06-20,1932-01-29,Bundesministerium für soziale Verwaltung
Buresch I,Dr. Emanuel Weidenhoffer,Emanuel Weidenhoffer,Bundesminister,1931-10-16,1932-01-29,Bundesministerium für Finanzen
Buresch I,Dr. Karl Buresch,Karl Buresch,Betraut mit der vorläufigen Fortführung der Geschäfte des Bundesministeriums,1931-10-05,1931-10-16,Bundesministerium für Finanzen
Buresch I,Dr. Josef Redlich,Josef Redlich,Bundesminister,1931-06-20,1931-10-05,Bundesministerium für Finanzen
Buresch I,Dr. Engelbert Dollfuß,Engelbert Dollfuß,Bundesminister,1931-06-20,1932-01-29,Bundesministerium für Land- und Forstwirtschaft
Buresch I,Dr. h.c. Eduard Heinl,Eduard Heinl,Bundesminister,1931-06-20,1932-01-29,Bundesministerium für Handel und Verkehr
Buresch I,Carl Vaugoin,Carl Vaugoin,Bundesminister,1931-06-20,1932-01-29,Bundesministerium für Heereswesen
Ender,Dr. Otto Ender,Otto Ender,Bundeskanzler,1930-12-04,1931-06-20,Bundeskanzleramt
Ender,abs. iur. DDDr. h.c Johannes Schober,c Johannes Schober,Vizekanzler,1930-12-04,1931-06-20,Bundeskanzleramt
Ender,abs. iur. DDDr. h.c Johannes Schober,c Johannes Schober,Betraut mit der sachlichen Leitung der auswärtigen Angelegenheiten,1930-12-04,1931-06-20,Bundeskanzleramt
Ender,Ing. Franz Winkler,Franz Winkler,Bundesminister mit der sachlichen Leitung der inneren Angelegenheiten betraut,1930-12-04,1931-06-16,Bundeskanzleramt
Ender,abs. iur. DDDr. h.c Johannes Schober,c Johannes Schober,Betraut mit der vorläufigen Fortführung der Geschäfte des Bundesministeriums,1931-05-30,1931-06-20,Bundesministerium für Justiz
Ender,Dr. Hans Schürff,Hans Schürff,Bundesminister,1930-12-04,1931-05-30,Bundesministerium für Justiz
Ender,Dr. Emmerich Czermak,Emmerich Czermak,Bundesminister,1930-12-04,1931-06-20,Bundesministerium für Unterricht
Ender,Dr. Otto Ender,Otto Ender,Betraut mit der vorläufigen Fortführung der Geschäfte des Bundesministeriums,1931-04-15,1931-06-20,Bundesministerium für soziale Verwaltung
Ender,Dr. Josef Resch,Josef Resch,Bundesminister,1930-12-04,1931-04-15,Bundesministerium für soziale Verwaltung
Ender,Dr. Otto Juch,Otto Juch,Bundesminister,1930-12-04,1931-06-20,Bundesministerium für Finanzen
Ender,Dr. Engelbert Dollfuß,Engelbert Dollfuß,Bundesminister,1931-03-18,1931-06-20,Bundesministerium für Land- und Forstwirtschaft
Ender,Andreas Thaler,Andreas Thaler,Bundesminister,1930-12-04,1931-03-18,Bundesministerium für Land- und Forstwirtschaft
Ender,Dr. h.c. Eduard Heinl,Eduard Heinl,Bundesminister,1930-12-04,1931-06-20,Bundesministerium für Handel und Verkehr
Ender,Carl Vaugoin,Carl Vaugoin,Bundesminister,1930-12-04,1931-06-20,Bundesministerium für Heereswesen
Vaugoin,Carl Vaugoin,Carl Vaugoin,Bundeskanzler,1930-09-30,1930-12-04,Bundeskanzleramt
Vaugoin,Richard Schmitz,Richard Schmitz,Vizekanzler,1930-09-30,1930-12-04,Bundeskanzleramt
Vaugoin,Dr. Ignaz Seipel,Ignaz Seipel,Bundesminister für die sachliche Leitung der auswärtigen Angelegenheiten,1930-09-30,1930-12-04,Bundeskanzleramt
Vaugoin,Ernst Rüdiger Starhemberg,Ernst Rüdiger Starhemberg,Bundesminister für die sachliche Leitung der inneren Angelegenheiten,1930-09-30,1930-12-04,Bundeskanzleramt
Vaugoin,Dr. Franz Hueber,Franz Hueber,Bundesminister,1930-09-30,1930-12-04,Bundesministerium für Justiz
Vaugoin,Dr. Emmerich Czermak,Emmerich Czermak,Bundesminister,1930-09-30,1930-12-04,Bundesministerium für Unterricht
Vaugoin,Richard Schmitz,Richard Schmitz,Betraut mit der Leitung des Bundesministeriums,1930-09-30,1930-12-04,Bundesministerium für soziale Verwaltung
Vaugoin,Dr. Otto Juch,Otto Juch,Bundesminister,1930-09-30,1930-12-04,Bundesministerium für Finanzen
Vaugoin,Andreas Thaler,Andreas Thaler,Bundesminister,1930-09-30,1930-12-04,Bundesministerium für Land- und Forstwirtschaft
Vaugoin,Dr. h.c. Eduard Heinl,Eduard Heinl,Bundesminister,1930-09-30,1930-12-04,Bundesministerium für Handel und Verkehr
Vaugoin,Carl Vaugoin,Carl Vaugoin,Betraut mit der Leitung des Bundesministeriums,1930-09-30,1930-12-04,Bundesministerium für Heereswesen
Schober III,abs. iur. DDDr. h.c Johannes Schober,c Johannes Schober,Bundeskanzler,1929-09-26,1930-09-30,Bundeskanzleramt
Schober III,Carl Vaugoin,Carl Vaugoin,Vizekanzler,1929-09-26,1930-09-30,Bundeskanzleramt
Schober III,Ing. Vinzenz Schumy,Vinzenz Schumy,Bundesminister mit der sachlichen Leitung der inneren Angelegenheiten betraut,1929-09-26,1930-09-30,Bundeskanzleramt
Schober III,Dr. Franz Slama,Franz Slama,Bundesminister,1929-09-26,1930-09-30,Bundesministerium für Justiz
Schober III,Dr. Heinrich Srbik,Heinrich Srbik,Bundesminister,1929-10-16,1930-09-30,Bundesministerium für Unterricht
Schober III,abs. iur. DDDr. h.c Johannes Schober,c Johannes Schober,Betraut mit der Leitung des Bundesministeriums,1929-09-26,1929-10-16,Bundesministerium für Unterricht
Schober III,Dr. Theodor Innitzer,Theodor Innitzer,Bundesminister,1929-09-26,1930-09-30,Bundesministerium für soziale Verwaltung
Schober III,Dr. Otto Juch,Otto Juch,Bundesminister,1929-10-16,1930-09-30,Bundesministerium für Finanzen
Schober III,abs. iur. DDDr. h.c Johannes Schober,c Johannes Schober,Betraut mit der Leitung des Bundesministeriums,1929-09-26,1929-10-16,Bundesministerium für Finanzen
Schober III,Florian Födermayr,Florian Födermayr,Bundesminister,1929-09-26,1929-09-30,Bundesministerium für Land- und Forstwirtschaft
Schober III,Dr. Friedrich Schuster,Friedrich Schuster,Bundesminister,1930-06-20,1930-09-30,Bundesministerium für Handel und Verkehr
Schober III,abs. iur. DDDr. h.c Johannes Schober,c Johannes Schober,Betraut mit der einstweiligen Führung der Geschäfte des Bundesministeriums,1930-06-17,1930-06-20,Bundesministerium für Handel und Verkehr
Schober III,Dr. Dr. h.c. Michael Hainisch,Michael Hainisch,Bundesminister,1929-09-26,1930-06-17,Bundesministerium für Handel und Verkehr
Schober III,Carl Vaugoin,Carl Vaugoin,Betraut mit der Leitung des Bundesministeriums,1929-09-26,1930-09-30,Bundesministerium für Heereswesen
Streeruwitz,Ernst Streeruwitz,Ernst Streeruwitz,Bundeskanzler,1929-05-04,1929-09-26,Bundeskanzleramt
Streeruwitz,Ing. Vinzenz Schumy,Vinzenz Schumy,Vizekanzler,1929-05-04,1929-09-26,Bundeskanzleramt
Streeruwitz,Dr. Franz Slama,Franz Slama,Bundesminister,1929-05-04,1929-09-26,Bundesministerium für Justiz
Streeruwitz,Dr. Emmerich Czermak,Emmerich Czermak,Bundesminister,1929-05-04,1929-09-26,Bundesministerium für Unterricht
Streeruwitz,Dr. Josef Resch,Josef Resch,Bundesminister,1929-05-04,1929-09-26,Bundesministerium für soziale Verwaltung
Streeruwitz,Dr. Johann Josef Mittelberger,Johann Josef Mittelberger,Bundesminister,1929-05-04,1929-09-26,Bundesministerium für Finanzen
Streeruwitz,Florian Födermayr,Florian Födermayr,Bundesminister,1929-05-04,1929-09-26,Bundesministerium für Land- und Forstwirtschaft
Streeruwitz,Dr. Hans Schürff,Hans Schürff,Bundesminister,1929-05-04,1929-09-26,Bundesministerium für Handel und Verkehr
Streeruwitz,Carl Vaugoin,Carl Vaugoin,Bundesminister,1929-05-04,1929-09-26,Bundesministerium für Heereswesen
Seipel V,Dr. Ignaz Seipel,Ignaz Seipel,Bundeskanzler,1927-05-19,1929-05-04,Bundeskanzleramt
Seipel V,Karl Hartleb,Karl Hartleb,Vizekanzler,1927-05-19,1929-05-04,Bundeskanzleramt
Seipel V,Dr. Franz Dinghofer,Franz Dinghofer,Bundesminister mit der Leitung der Justizangelegenheiten betraut,1927-05-19,1927-08-30,Bundeskanzleramt
Seipel V,Dr. Franz Slama,Franz Slama,Bundesminister,1928-07-06,1929-05-04,Bundesministerium für Justiz
Seipel V,Dr. Ignaz Seipel,Ignaz Seipel,Betraut mit der Führung der Geschäfte des Bundesministeriums,1928-07-04,1928-07-06,Bundesministerium für Justiz
Seipel V,Dr. Franz Dinghofer,Franz Dinghofer,Bundesminister,1927-08-31,1928-07-04,Bundesministerium für Justiz
Seipel V,Richard Schmitz,Richard Schmitz,Bundesminister,1927-05-19,1929-05-04,Bundesministerium für Unterricht
Seipel V,Dr. Josef Resch,Josef Resch,Bundesminister,1927-05-19,1929-05-04,Bundesministerium für soziale Verwaltung
Seipel V,Dr. Viktor Kienböck,Viktor Kienböck,Bundesminister,1927-05-19,1929-05-04,Bundesministerium für Finanzen
Seipel V,Andreas Thaler,Andreas Thaler,Bundesminister,1927-05-19,1929-04-03,Bundesministerium für Land- und Forstwirtschaft
Seipel V,Dr. Hans Schürff,Hans Schürff,Bundesminister,1927-05-19,1929-05-04,Bundesministerium für Handel und Verkehr
Seipel V,Carl Vaugoin,Carl Vaugoin,Bundesminister,1927-05-19,1929-05-04,Bundesministerium für Heereswesen
Seipel IV,Dr. Ignaz Seipel,Ignaz Seipel,Bundeskanzler,1926-10-20,1927-05-19,Bundeskanzleramt
Seipel IV,Dr. Franz Dinghofer,Franz Dinghofer,Vizekanzler,1926-10-20,1927-05-19,Bundeskanzleramt
Seipel IV,Richard Schmitz,Richard Schmitz,Bundesminister,1926-10-20,1927-05-18,Bundesministerium für Unterricht
Seipel IV,Dr. Franz Dinghofer,Franz Dinghofer,Bundesminister mit der Leitung der Justizangelegenheiten betraut,1926-10-20,1927-05-18,Bundesministerium für Justiz
Seipel IV,Dr. Josef Resch,Josef Resch,Bundesminister,1926-10-20,1927-05-18,Bundesministerium für soziale Verwaltung
Seipel IV,Dr. Viktor Kienböck,Viktor Kienböck,Bundesminister,1926-10-20,1927-05-18,Bundesministerium für Finanzen
Seipel IV,Andreas Thaler,Andreas Thaler,Bundesminister,1926-10-20,1927-05-18,Bundesministerium für Land- und Forstwirtschaft
Seipel IV,Dr. Hans Schürff,Hans Schürff,Bundesminister,1926-10-20,1927-05-18,Bundesministerium für Handel und Verkehr
Seipel IV,Carl Vaugoin,Carl Vaugoin,Bundesminister,1926-10-20,1927-05-18,Bundesministerium für Heereswesen
Ramek II,Dr. Rudolf Ramek,Rudolf Ramek,Bundeskanzler,1926-01-15,1926-10-20,Bundeskanzleramt
Ramek II,Dr. Leopold Waber,Leopold Waber,Vizekanzler,1926-01-15,1926-10-20,Bundeskanzleramt
Ramek II,Dr. Leopold Waber,Leopold Waber,Bundesminister mit der Leitung der Justizangelegenheiten betraut,1926-01-15,1926-10-20,Bundeskanzleramt
Ramek II,Dr. Anton Rintelen,Anton Rintelen,Bundesminister,1926-06-25,1926-10-20,Bundesministerium für Unterricht
Ramek II,Dr. Josef Resch,Josef Resch,Betraut mit der vorläufigen Fortführung der Geschäfte des Bundesministeriums,1926-06-16,1926-06-25,Bundesministerium für Unterricht
Ramek II,Dr. Emil Schneider,Emil Schneider,Bundesminister,1926-01-15,1926-06-16,Bundesministerium für Unterricht
Ramek II,Dr. Josef Resch,Josef Resch,Bundesminister,1926-01-15,1926-10-20,Bundesministerium für soziale Verwaltung
Ramek II,Josef Kollmann,Josef Kollmann,Bundesminister,1926-01-15,1926-10-20,Bundesministerium für Finanzen
Ramek II,Andreas Thaler,Andreas Thaler,Bundesminister,1926-01-15,1926-10-20,Bundesministerium für Land- und Forstwirtschaft
Ramek II,Dr. Hans Schürff,Hans Schürff,Bundesminister,1926-01-15,1926-10-20,Bundesministerium für Handel und Verkehr
Ramek II,Carl Vaugoin,Carl Vaugoin,Bundesminister,1926-01-15,1926-10-20,Bundesministerium für Heereswesen
Ramek I,Dr. Rudolf Ramek,Rudolf Ramek,Bundeskanzler,1924-11-20,1926-01-15,Bundeskanzleramt
Ramek I,Dr. Leopold Waber,Leopold Waber,Vizekanzler,1924-11-20,1926-01-15,Bundeskanzleramt
Ramek I,Dr. Heinrich Mataja,Heinrich Mataja,Bundesminister mit der Führung der auswärtigen Angelegenheiten betraut,1924-11-20,1926-01-15,Bundeskanzleramt
Ramek I,Dr. Leopold Waber,Leopold Waber,Bundesminister mit der Leitung der Justizangelegenheiten betraut,1924-11-20,1926-01-15,Bundeskanzleramt
Ramek I,Dr. Emil Schneider,Emil Schneider,Bundesminister,1924-11-20,1926-01-15,Bundesministerium für Unterricht
Ramek I,Dr. Josef Resch,Josef Resch,Bundesminister,1924-11-20,1926-01-15,Bundesministerium für soziale Verwaltung
Ramek I,Dr. Jakob Ahrer,Jakob Ahrer,Bundesminister,1924-11-20,1926-01-15,Bundesministerium für Finanzen
Ramek I,Rudolf Buchinger,Rudolf Buchinger,Bundesminister,1924-11-20,1926-01-15,Bundesministerium für Land- und Forstwirtschaft
Ramek I,Dr. Hans Schürff,Hans Schürff,Bundesminister,1924-11-20,1926-01-15,Bundesministerium für Handel und Verkehr
Ramek I,Carl Vaugoin,Carl Vaugoin,Bundesminister,1924-11-20,1926-01-15,Bundesministerium für Heereswesen
Seipel III,Dr. Ignaz Seipel,Ignaz Seipel,Bundeskanzler,1923-11-20,1924-11-20,Bundeskanzleramt
Seipel III,Dr. Felix Frank,Felix Frank,Vizekanzler,1923-11-20,1924-11-20,Bundeskanzleramt
Seipel III,Dr. Felix Frank,Felix Frank,Betraut mit der Leitung der Justizangelegenheiten,1923-11-20,1924-11-20,Bundeskanzleramt
Seipel III,Dr. Alfred Grünberger,Alfred Grünberger,Betraut mit der Führung der auswärtigen Angelegenheiten,1923-11-20,1924-11-20,Bundeskanzleramt
Seipel III,Dr. Emil Schneider,Emil Schneider,Bundesminister,1923-11-20,1924-11-20,Bundesministerium für Unterricht
Seipel III,Richard Schmitz,Richard Schmitz,Bundesminister,1923-11-20,1924-11-20,Bundesministerium für soziale Verwaltung
Seipel III,Dr. Viktor Kienböck,Viktor Kienböck,Bundesminister,1923-11-20,1924-11-20,Bundesministerium für Finanzen
Seipel III,Rudolf Buchinger,Rudolf Buchinger,Bundesminister,1923-11-20,1924-11-20,Bundesministerium für Land- und Forstwirtschaft
Seipel III,Dr. Hans Schürff,Hans Schürff,Bundesminister,1923-11-20,1924-11-20,Bundesministerium für Handel und Verkehr
Seipel III,Carl Vaugoin,Carl Vaugoin,Bundesminister,1923-11-20,1924-11-20,Bundesministerium für Heereswesen
Seipel II,Dr. Ignaz Seipel,Ignaz Seipel,Bundeskanzler,1923-04-17,1923-11-20,Bundeskanzleramt
Seipel II,Dr. Felix Frank,Felix Frank,Vizekanzler,1923-04-17,1923-11-20,Bundeskanzleramt
Seipel II,Dr. Felix Frank,Felix Frank,Betraut mit der Leitung der Justizangelegenheiten,1923-04-17,1923-11-20,Bundeskanzleramt
Seipel II,Dr. Alfred Grünberger,Alfred Grünberger,Betraut mit der Führung der auswärtigen Angelegenheiten,1923-04-17,1923-11-20,Bundeskanzleramt
Seipel II,Dr. Emil Schneider,Emil Schneider,Bundesminister,1923-04-17,1923-11-20,Bundesministerium für Unterricht
Seipel II,Richard Schmitz,Richard Schmitz,Bundesminister,1923-04-17,1923-11-20,Bundesministerium für soziale Verwaltung
Seipel II,Dr. Viktor Kienböck,Viktor Kienböck,Bundesminister,1923-04-17,1923-11-20,Bundesministerium für Finanzen
Seipel II,Rudolf Buchinger,Rudolf Buchinger,Bundesminister,1923-04-17,1923-11-20,Bundesministerium für Land- und Forstwirtschaft
Seipel II,Dr. Hans Schürff,Hans Schürff,Bundesminister,1923-04-17,1923-11-20,Bundesministerium für Handel und Verkehr
Seipel II,Carl Vaugoin,Carl Vaugoin,Bundesminister,1923-04-17,1923-11-20,Bundesministerium für Heereswesen
Seipel I,Dr. Ignaz Seipel,Ignaz Seipel,Bundeskanzler,1922-05-31,1923-04-17,Bundeskanzleramt
Seipel I,Dr. Felix Frank,Felix Frank,Vizekanzler,1922-05-31,1923-04-17,Bundeskanzleramt
Seipel I,Dr. Alfred Grünberger,Alfred Grünberger,Bundesminister für Äußeres,1922-05-31,1923-04-17,Bundeskanzleramt
Seipel I,Dr. Felix Frank,Felix Frank,Betraut mit der Leitung des Bundesministeriums,1922-05-31,1923-04-17,Bundesministerium für Inneres und Unterricht
Seipel I,Dr. Emil Schneider,Emil Schneider,Betraut mit der Leitung der Angelegenheiten des Unterrichts und Kultus,1922-05-31,1923-04-17,Bundesministerium für Inneres und Unterricht
Seipel I,Dr. Leopold Waber,Leopold Waber,Bundesminister,1922-05-31,1923-04-16,Bundesministerium für Justiz
Seipel I,Dr. Viktor Kienböck,Viktor Kienböck,Bundesminister,1922-11-14,1923-04-17,Bundesministerium für Finanzen
Seipel I,August Ségur,August Ségur,Bundesminister,1922-05-31,1922-11-14,Bundesministerium für Finanzen
Seipel I,Rudolf Buchinger,Rudolf Buchinger,Bundesminister,1922-05-31,1923-04-17,Bundesministerium für Land- und Forstwirtschaft
Seipel I,Emil Kraft,Emil Kraft,Bundesminister,1922-05-31,1923-04-17,"Bundesministerium für Handel und Gewerbe, Industrie und Bauten"
Seipel I,Dr. Franz Odehnal,Franz Odehnal,Bundesminister,1922-05-31,1923-04-17,Bundesministerium für Verkehrswesen
Seipel I,Richard Schmitz,Richard Schmitz,Bundesminister,1922-05-31,1923-04-16,Bundesministerium für soziale Verwaltung
Seipel I,Carl Vaugoin,Carl Vaugoin,Bundesminister,1922-05-31,1923-04-16,Bundesministerium für Heereswesen
Seipel I,Rudolf Buchinger,Rudolf Buchinger,Betraut mit der Leitung des Bundesministeriums,1922-05-31,1922-08-31,Bundesministerium für Volksernährung
Schober II,abs. iur. DDDr. h.c Johannes Schober,c Johannes Schober,Bundeskanzler,1922-01-27,1922-05-31,Bundeskanzleramt
Schober II,Walter Breisky,Walter Breisky,Vizekanzler,1922-01-27,1922-05-31,Bundeskanzleramt
Schober II,Walter Breisky,Walter Breisky,Betraut mit der Leitung der Angelegenheiten des Unterrichts und Kultus,1922-01-27,1922-05-31,Bundesministerium für Inneres und Unterricht
Schober II,abs. iur. DDDr. h.c Johannes Schober,c Johannes Schober,Betraut mit der Leitung des Bundesministeriums,1922-01-27,1922-05-31,Bundesministerium für Inneres und Unterricht
Schober II,Dr. Rudolf Paltauf,Rudolf Paltauf,Bundesminister,1922-01-27,1922-05-31,Bundesministerium für Justiz
Schober II,abs. iur. DDDr. h.c Johannes Schober,c Johannes Schober,Betraut mit der Leitung des Bundesministeriums,1922-05-10,1922-05-31,Bundesministerium für Finanzen
Schober II,Dr. Alfred Gürtler,Alfred Gürtler,Bundesminister,1922-01-27,1922-05-10,Bundesministerium für Finanzen
Schober II,Dr. Leopold Hennet,Leopold Hennet,Bundesminister,1922-01-27,1922-05-31,Bundesministerium für Land- und Forstwirtschaft
Schober II,Dr. Alfred Grünberger,Alfred Grünberger,Bundesminister,1922-01-27,1922-05-31,"Bundesministerium für Handel und Gewerbe, Industrie und Bauten"
Schober II,Dr. Franz Pauer,Franz Pauer,Bundesminister,1922-01-27,1922-05-31,Bundesministerium für soziale Verwaltung
Schober II,Dr. Leopold Hennet,Leopold Hennet,Betraut mit der Leitung des Bundesministeriums,1922-01-27,1922-05-31,Bundesministerium für Äußeres
Schober II,Josef Wächter,Josef Wächter,Bundesminister,1922-01-27,1922-05-31,Bundesministerium für Heereswesen
Schober II,Dr. Alfred Grünberger,Alfred Grünberger,Betraut mit der Leitung des Bundesministeriums,1922-01-27,1922-05-31,Bundesministerium für Volksernährung
Schober II,Dr. Walter Rodler,Walter Rodler,Bundesminister,1922-01-27,1922-05-31,Bundesministerium für Verkehrswesen
Schober I,abs. iur. DDDr. h.c Johannes Schober,c Johannes Schober,Bundeskanzler,1921-06-21,1922-01-26,Bundeskanzleramt
Schober I,Walter Breisky,Walter Breisky,Vizekanzler,1921-06-21,1922-01-26,Bundeskanzleramt
Schober I,Walter Breisky,Walter Breisky,Betraut mit der Leitung der Angelegenheiten des Unterrichts und Kultus,1921-06-21,1922-01-26,Bundesministerium für Inneres und Unterricht
Schober I,abs. iur. DDDr. h.c Johannes Schober,c Johannes Schober,Betraut mit der Führung der Geschäfte des Bundesministeriums,1922-01-16,1922-01-26,Bundesministerium für Inneres und Unterricht
Schober I,Dr. Leopold Waber,Leopold Waber,Bundesminister,1921-06-21,1922-01-16,Bundesministerium für Inneres und Unterricht
Schober I,Dr. Rudolf Paltauf,Rudolf Paltauf,Bundesminister,1921-06-21,1922-01-26,Bundesministerium für Justiz
Schober I,Dr. Alfred Gürtler,Alfred Gürtler,Bundesminister,1921-10-07,1922-01-26,Bundesministerium für Finanzen
Schober I,Dr. Ferdinand Grimm,Ferdinand Grimm,Bundesminister,1921-06-21,1921-10-07,Bundesministerium für Finanzen
Schober I,Dr. Leopold Hennet,Leopold Hennet,Bundesminister,1921-06-21,1922-01-26,Bundesministerium für Land- und Forstwirtschaft
Schober I,Dr. Alfred Grünberger,Alfred Grünberger,Bundesminister,1921-10-07,1922-01-26,"Bundesministerium für Handel und Gewerbe, Industrie und Bauten"
Schober I,Alexander Angerer,Alexander Angerer,Bundesminister,1921-06-21,1921-10-07,"Bundesministerium für Handel und Gewerbe, Industrie und Bauten"
Schober I,Dr. Franz Pauer,Franz Pauer,Bundesminister,1921-06-21,1922-01-26,Bundesministerium für soziale Verwaltung
Schober I,abs. iur. DDDr. h.c Johannes Schober,c Johannes Schober,Betraut mit der Leitung des Bundesministeriums,1921-06-21,1922-01-26,Bundesministerium für Äußeres
Schober I,Josef Wächter,Josef Wächter,Bundesminister,1921-10-07,1922-01-26,Bundesministerium für Heereswesen
Schober I,Carl Vaugoin,Carl Vaugoin,Bundesminister,1921-06-21,1921-10-07,Bundesministerium für Heereswesen
Schober I,Dr. Alfred Grünberger,Alfred Grünberger,Betraut mit der Leitung des Bundesministeriums,1921-10-07,1922-01-26,Bundesministerium für Volksernährung
Schober I,Dr. Alfred Grünberger,Alfred Grünberger,Bundesminister,1921-06-21,1921-10-07,Bundesministerium für Volksernährung
Schober I,Dr. Walter Rodler,Walter Rodler,Bundesminister,1921-06-21,1922-01-26,Bundesministerium für Verkehrswesen
Mayr II,Dr. Michael Mayr,Michael Mayr,Bundeskanzler,1920-11-20,1921-06-21,Bundeskanzleramt
Mayr II,Walter Breisky,Walter Breisky,Vizekanzler,1920-11-20,1921-06-21,Bundeskanzleramt
Mayr II,Walter Breisky,Walter Breisky,Betraut mit der Leitung der Angelegenheiten des Unterrichts und Kultus,1920-11-20,1921-06-21,Bundesministerium für Inneres und Unterricht
Mayr II,Dr. Rudolf Ramek,Rudolf Ramek,Bundesminister,1921-04-23,1921-06-21,Bundesministerium für Inneres und Unterricht
Mayr II,Walter Breisky,Walter Breisky,Betraut mit der Leitung des Bundesministeriums,1921-04-07,1921-04-23,Bundesministerium für Inneres und Unterricht
Mayr II,Dr. Egon Glanz,Egon Glanz,Bundesminister,1920-11-20,1921-04-07,Bundesministerium für Inneres und Unterricht
Mayr II,Dr. Rudolf Paltauf,Rudolf Paltauf,Bundesminister,1920-11-20,1921-06-21,Bundesministerium für Justiz
Mayr II,Dr. Ferdinand Grimm,Ferdinand Grimm,Bundesminister,1920-11-20,1921-06-21,Bundesministerium für Finanzen
Mayr II,Alois Haueis,Alois Haueis,Bundesminister,1920-11-20,1921-06-21,Bundesministerium für Land- und Forstwirtschaft
Mayr II,Dr. h.c. Eduard Heinl,Eduard Heinl,Bundesminister,1920-11-20,1921-06-21,"Bundesministerium für Handel und Gewerbe, Industrie und Bauten"
Mayr II,Dr. Josef Resch,Josef Resch,Bundesminister,1920-11-20,1921-06-21,Bundesministerium für soziale Verwaltung
Mayr II,Dr. Michael Mayr,Michael Mayr,Leiter des Bundesministeriums,1920-11-20,1921-06-21,Bundesministerium für Äußeres
Mayr II,Carl Vaugoin,Carl Vaugoin,Bundesminister,1921-04-28,1921-06-21,Bundesministerium für Heereswesen
Mayr II,Walter Breisky,Walter Breisky,Betraut mit der Leitung des Bundesministeriums,1921-04-07,1921-04-28,Bundesministerium für Heereswesen
Mayr II,Dr. Egon Glanz,Egon Glanz,Betraut mit der Leitung des Bundesministeriums,1920-11-20,1921-04-07,Bundesministerium für Heereswesen
Mayr II,Dr. Alfred Grünberger,Alfred Grünberger,Bundesminister,1920-11-20,1921-06-21,Bundesministerium für Volksernährung
Mayr II,Dr. Karl Pesta,Karl Pesta,Bundesminister,1920-11-20,1921-06-21,Bundesministerium für Verkehrswesen
Mayr I,Dr. Michael Mayr,Michael Mayr,Vorsitz im Kabinett und betraut mit der Leitung der Staatskanzlei,1920-07-07,1920-11-20,Staatskanzlei
Mayr I,Dr. h.c. Eduard Heinl,Eduard Heinl,Betraut mit der Stellvertretung im Vorsitz im Kabinett,1920-10-22,1920-11-20,Staatskanzlei
Mayr I,Ferdinand Hanusch,Ferdinand Hanusch,Stellvertreter im Vorsitz im Kabinett und in der Leitung der Staatskanzle,1920-07-07,1920-10-22,Staatskanzlei
Mayr I,Dr. Michael Mayr,Michael Mayr,Betraut mit der vorübergehenden Führung des Staatsamtes,1920-10-22,1920-11-20,Staatsamt für Äußeres
Mayr I,Dr. Karl Renner,Karl Renner,Staatssekretär,1920-07-07,1920-10-22,Staatsamt für Äußeres
Mayr I,Richard Reisch,Richard Reisch,Staatssekretär,1920-07-07,1920-11-20,Staatsamt für Finanzen
Mayr I,Dr. h.c. Eduard Heinl,Eduard Heinl,Staatssekretär,1920-07-07,1920-11-20,"Staatsamt für Handel und Gewerbe, Industrie und Bauten"
Mayr I,Dr. Wilhelm Ellenbogen,Wilhelm Ellenbogen,Unterstaatssekretär,1920-07-07,1920-10-22,"Staatsamt für Handel und Gewerbe, Industrie und Bauten"
Mayr I,Walter Breisky,Walter Breisky,Betraut mit der Leitung des Staatsamtes,1920-10-22,1920-11-20,Staatsamt für Heerwesen
Mayr I,Dr. Julius Deutsch,Julius Deutsch,Staatssekretär,1920-07-07,1920-10-22,Staatsamt für Heerwesen
Mayr I,Walter Breisky,Walter Breisky,Staatssekretär,1920-07-07,1920-11-20,Staatsamt für Inneres und Unterricht
Mayr I,Wilhelm Miklas,Wilhelm Miklas,Unterstaatssekretär für Kultus,1920-07-07,1920-11-20,Staatsamt für Inneres und Unterricht
Mayr I,Otto Glöckel,Otto Glöckel,Unterstaatssekretär für Unterricht,1920-07-07,1920-10-22,Staatsamt für Inneres und Unterricht
Mayr I,Dr. Julius Roller,Julius Roller,Staatssekretär,1920-07-07,1920-11-20,Staatsamt für Justiz
Mayr I,Dr. Arnold Eisler,Arnold Eisler,Unterstaatssekretär,1920-07-07,1920-11-20,Staatsamt für Justiz
Mayr I,Alois Haueis,Alois Haueis,Staatssekretär,1920-07-07,1920-11-20,Staatsamt für Land- und Forstwirtschaft
Mayr I,Dr. h.c. Eduard Heinl,Eduard Heinl,Betraut mit der vorübergehenden Führung des Staatsamtes,1920-10-22,1920-11-20,Staatsamt für soziale Verwaltung
Mayr I,Ferdinand Hanusch,Ferdinand Hanusch,Staatssekretär,1920-07-07,1920-10-22,Staatsamt für soziale Verwaltung
Mayr I,Dr. Josef Resch,Josef Resch,Unterstaatssekretär,1920-07-07,1920-11-20,Staatsamt für soziale Verwaltung
Mayr I,Dr. Julius Tandler,Julius Tandler,Unterstaatssekretär für Volksgesundheit,1920-07-07,1920-10-22,Staatsamt für soziale Verwaltung
Mayr I,Dr. Karl Pesta,Karl Pesta,Staatssekretär,1920-07-07,1920-11-20,Staatsamt für Verkehrswesen
Mayr I,Dr. Alfred Grünberger,Alfred Grünberger,Staatssekretär,1920-07-09,1920-10-20,Staatsamt für Volksernährung
Mayr I,Dr. Wilhelm Ellenbogen,Wilhelm Ellenbogen,Präsident der Sozialisierungskommission,1920-07-07,1920-10-22,Staatsamt ohne Portefeuille
Renner III,Dr. Karl Renner,Karl Renner,Staatskanzler,1919-10-17,1920-07-07,Staatskanzlei
Renner III,Dr. h.c. Jodok Fink,Jodok Fink,Vizekanzler,1919-10-17,1920-06-24,Staatskanzlei
Renner III,Dr. Karl Renner,Karl Renner,Staatssekretär,1919-10-17,1920-07-07,Staatsamt für Äußeres
Renner III,Richard Reisch,Richard Reisch,Staatssekretär,1919-10-17,1920-07-07,Staatsamt für Finanzen
Renner III,Dr. Wilhelm Ellenbogen,Wilhelm Ellenbogen,Betraut mit der einstweiligen Führung des Staatsamtes,1920-06-24,1920-07-07,"Staatsamt für Handel und Gewerbe, Industrie und Bauten"
Renner III,Johann Zerdik,Johann Zerdik,Staatssekretär,1919-10-17,1920-06-24,"Staatsamt für Handel und Gewerbe, Industrie und Bauten"
Renner III,Dr. Wilhelm Ellenbogen,Wilhelm Ellenbogen,Unterstaatssekretär,1919-10-17,1920-06-24,"Staatsamt für Handel und Gewerbe, Industrie und Bauten"
Renner III,Dr. Julius Deutsch,Julius Deutsch,Staatssekretär,1919-10-17,1920-07-07,Staatsamt für Heerwesen
Renner III,Dr. Erwin Waihs,Erwin Waihs,Unterstaatssekretär,1919-10-17,1920-06-24,Staatsamt für Heerwesen
Renner III,Matthias Eldersch,Matthias Eldersch,Staatssekretär,1919-10-17,1920-07-07,Staatsamt für Inneres und Unterricht
Renner III,Otto Glöckel,Otto Glöckel,Unterstaatssekretär für Unterricht,1919-10-17,1920-07-07,Staatsamt für Inneres und Unterricht
Renner III,Wilhelm Miklas,Wilhelm Miklas,Unterstaatssekretär für Kultus,1919-10-17,1920-06-24,Staatsamt für Inneres und Unterricht
Renner III,Matthias Eldersch,Matthias Eldersch,Betraut mit der einstweiligen Führung des Staatsamtes,1920-06-24,1920-07-07,Staatsamt für Justiz
Renner III,Dr. Rudolf Ramek,Rudolf Ramek,Staatssekretär,1919-10-17,1920-06-24,Staatsamt für Justiz
Renner III,Dr. Arnold Eisler,Arnold Eisler,Unterstaatssekretär,1919-10-17,1920-07-07,Staatsamt für Justiz
Renner III,Alois Haueis,Alois Haueis,Staatssekretär,1920-02-13,1920-07-07,Staatsamt für Land- und Forstwirtschaft
Renner III,Dr. Karl Renner,Karl Renner,Betraut mit der einstweiliger Führung des Staatsamtes,1920-06-25,1920-07-07,Staatsamt für Land- und Forstwirtschaft
Renner III,Josef Stöckler,Josef Stöckler,Staatssekretär,1919-10-17,1920-06-24,Staatsamt für Land- und Forstwirtschaft
Renner III,Ferdinand Hanusch,Ferdinand Hanusch,Staatssekretär,1919-10-17,1920-07-07,Staatsamt für soziale Verwaltung
Renner III,Dr. Julius Tandler,Julius Tandler,Unterstaatssekretär für Volksgesundheit,1919-10-17,1920-07-07,Staatsamt für soziale Verwaltung
Renner III,Dr. Josef Resch,Josef Resch,Unterstaatssekretär,1919-10-17,1920-06-24,Staatsamt für soziale Verwaltung
Renner III,Ferdinand Hanusch,Ferdinand Hanusch,Betraut mit der einstweiligen Führung des Staatsamtes,1920-07-01,1920-07-07,Staatsamt für Verkehrswesen
Renner III,Ludwig Paul,Ludwig Paul,Staatssekretär,1919-10-17,1920-07-01,Staatsamt für Verkehrswesen
Renner III,Johann Löwenfeld-Russ,Johann Löwenfeld-Russ,Staatssekretär,1919-10-17,1920-07-07,Staatsamt für Volksernährung
Renner III,Dr. Michael Mayr,Michael Mayr,Staatssekretär ohne Portefeuille betraut mit der Mitarbeit an der Verfassungs- und Verwaltungsreform,1919-10-17,1920-06-24,Staatsamt ohne Portefeuille
Renner II,Dr. Karl Renner,Karl Renner,Staatskanzler,1919-03-15,1919-10-17,Staatskanzlei
Renner II,Dr. h.c. Jodok Fink,Jodok Fink,Vizekanzler,1919-03-15,1919-10-17,Staatskanzlei
Renner II,Dr. Karl Renner,Karl Renner,Leiter des Staatsamtes,1919-07-26,1919-10-17,Staatsamt für Äußeres
Renner II,Dr. Otto Bauer,Otto Bauer,Staatssekretär,1919-03-15,1919-07-26,Staatsamt für Äußeres
Renner II,Egon Pflügl,Egon Pflügl,Unterstaatssekretär,1919-04-04,1919-10-17,Staatsamt für Äußeres
Renner II,Josef Schumpeter,Josef Schumpeter,Staatssekretär,1919-03-15,1919-10-17,Staatsamt für Finanzen
Renner II,Johann Zerdik,Johann Zerdik,Staatssekretär,1919-03-15,1919-10-17,"Staatsamt für Handel und Gewerbe, Industrie und Bauten"
Renner II,Dr. Wilhelm Ellenbogen,Wilhelm Ellenbogen,Unterstaatssekretär,1919-03-15,1919-10-17,"Staatsamt für Handel und Gewerbe, Industrie und Bauten"
Renner II,Dr. Julius Deutsch,Julius Deutsch,Staatssekretär,1919-03-15,1919-10-17,Staatsamt für Heerwesen
Renner II,Dr. Erwin Waihs,Erwin Waihs,Unterstaatssekretär,1919-03-15,1919-10-17,Staatsamt für Heerwesen
Renner II,Matthias Eldersch,Matthias Eldersch,Staatssekretär,1919-05-09,1919-10-17,Staatsamt für Inneres und Unterricht
Renner II,Dr. Karl Renner,Karl Renner,Leiter des Staatsamtes,1919-03-15,1919-05-09,Staatsamt für Inneres und Unterricht
Renner II,Otto Glöckel,Otto Glöckel,Unterstaatssekretär für Unterricht,1919-03-15,1919-10-17,Staatsamt für Inneres und Unterricht
Renner II,Wilhelm Miklas,Wilhelm Miklas,Unterstaatssekretär für Kultus,1919-03-15,1919-10-17,Staatsamt für Inneres und Unterricht
Renner II,Richard Bratusch,Richard Bratusch,Staatssekretär,1919-03-15,1919-10-17,Staatsamt für Justiz
Renner II,Josef Stöckler,Josef Stöckler,Staatssekretär,1919-03-15,1919-10-17,Staatsamt für Land- und Forstwirtschaft
Renner II,Ferdinand Hanusch,Ferdinand Hanusch,Staatssekretär,1919-03-15,1919-10-17,Staatsamt für soziale Verwaltung
Renner II,Dr. Josef Resch,Josef Resch,Unterstaatssekretär,1919-04-04,1919-10-17,Staatsamt für soziale Verwaltung
Renner II,Dr. Julius Tandler,Julius Tandler,Unterstaatssekretär für Volksgesundheit,1919-05-09,1919-10-17,Staatsamt für soziale Verwaltung
Renner II,Dr. Ignaz Kaup,Ignaz Kaup,Betraut mit der Fortführung der Geschäfte der Volksgesundheit,1919-03-15,1919-05-09,Staatsamt für soziale Verwaltung
Renner II,Ludwig Paul,Ludwig Paul,Staatssekretär,1919-03-15,1919-10-17,Staatsamt für Verkehrswesen
Renner II,Johann Löwenfeld-Russ,Johann Löwenfeld-Russ,Staatssekretär,1919-03-15,1919-10-17,Staatsamt für Volksernährung
Renner II,Dr. Otto Bauer,Otto Bauer,Präsident der Sozialisierungskommission,1919-03-15,1919-10-17,Staatsamt ohne Portefeuille
Renner I,Dr. Karl Renner,Karl Renner,Leiter der Staatskanzlei (Staatskanzler),1918-10-30,1919-03-15,Staatskanzlei
Renner I,Dr. Otto Bauer,Otto Bauer,Staatssekretär,1918-11-21,1919-03-15,Staatsamt für Äußeres
Renner I,Dr. Victor Adler,Victor Adler,Staatssekretär,1918-10-30,1918-11-11,Staatsamt für Äußeres
Renner I,Egon Pflügl,Egon Pflügl,Unterstaatssekretär,1918-11-05,1919-03-15,Staatsamt für Äußeres
Renner I,Dr. Leopold Waber,Leopold Waber,Unterstaatssekretär,1918-11-05,1919-03-15,Staatsamt für Äußeres
Renner I,Dr. Otto Bauer,Otto Bauer,Unterstaatssekretärs,1918-10-31,1918-11-21,Staatsamt für Äußeres
Renner I,Dr. Otto Steinwender,Otto Steinwender,Staatssekretär,1918-10-30,1919-03-15,Staatsamt für Finanzen
Renner I,Dr. Eugen Beck,Eugen Beck,Unterstaatssekretär,1918-11-05,1919-03-15,Staatsamt für Finanzen
Renner I,Dr. Ferdinand Grimm,Ferdinand Grimm,Unterstaatssekretär,1918-11-21,1919-03-05,Staatsamt für Finanzen
Renner I,Dr. Karl Urban,Karl Urban,Staatssekretär,1918-10-30,1919-03-15,"Staatsamt für Gewerbe, Industrie und Handel"
Renner I,Richard Riedl,Richard Riedl,Unterstaatssekretär,1918-11-07,1919-03-15,"Staatsamt für Gewerbe, Industrie und Handel"
Renner I,Josef Mayer,Josef Mayer,Staatssekretär,1918-10-30,1919-03-15,Staatsamt für Heerwesen
Renner I,Dr. Erwin Waihs,Erwin Waihs,Unterstaatssekretär,1918-11-05,1919-03-15,Staatsamt für Heerwesen
Renner I,Dr. Julius Deutsch,Julius Deutsch,Unterstaatssekretär,1918-11-05,1919-03-15,Staatsamt für Heerwesen
Renner I,Dr. Heinrich Mataja,Heinrich Mataja,Staatssekretär,1918-10-30,1919-03-15,Staatsamt für Inneres
Renner I,Otto Glöckel,Otto Glöckel,Unterstaatssekretär,1918-11-05,1919-03-15,Staatsamt für Inneres
Renner I,abs. iur. Richard Marckhl,Richard Marckhl,Unterstaatssekretär,1918-11-05,1919-03-15,Staatsamt für Inneres
Renner I,Dr. Julius Roller,Julius Roller,Staatssekretär,1918-10-30,1919-03-15,Staatsamt für Justiz
Renner I,Josef Stöckler,Josef Stöckler,Staatssekretär,1918-10-30,1919-03-15,Staatsamt für Land- und Forstwirtschaft
Renner I,Johann Zerdik,Johann Zerdik,Staatssekretär,1918-10-30,1919-03-15,Staatsamt für öffentliche Arbeiten
Renner I,Ferdinand Hanusch,Ferdinand Hanusch,Staatssekretär,1918-10-30,1919-03-15,Staatsamt für soziale Fürsorge
Renner I,Dr. Josef Resch,Josef Resch,Unterstaatssekretär,1918-11-01,1919-03-15,Staatsamt für soziale Fürsorge
Renner I,Rafael Pacher,Rafael Pacher,Staatssekretär,1918-10-30,1919-03-15,Staatsamt für Unterricht
Renner I,Ing. Carl Jukel,Carl Jukel,Staatssekretär,1918-10-30,1919-03-15,Staatsamt für Verkehrswesen
Renner I,Ing. Bruno Enderes,Bruno Enderes,Unterstaatssekretär,1918-11-07,1919-03-15,Staatsamt für Verkehrswesen
Renner I,Johann Löwenfeld-Russ,Johann Löwenfeld-Russ,Staatssekretär,1918-10-30,1919-03-15,Staatsamt für Volksernährung
Renner I,Norbert Wallenstorfer,Norbert Wallenstorfer,Unterstaatssekretär,1918-11-21,1919-03-15,Staatsamt für Volksernährung
Renner I,Dr. Ignaz Kaup,Ignaz Kaup,Staatssekretär,1918-10-30,1919-03-15,Staatsamt für Volksgesundheit
Renner I,Dr. Julius Sylvester,Julius Sylvester,Staatsnotar,1918-10-30,1919-03-05,Staatsnotar
